event_id,subscription_id,customer_id,event_date,event_type,old_plan_id,new_plan_id,old_mrr,new_mrr
1,1,1,2023-04-21,new,,2.0,0,79
2,1,1,2024-06-21,downgrade,2.0,1.0,79,29
3,1,1,2024-07-21,upgrade,1.0,2.0,29,79
4,2,2,2024-10-09,new,,2.0,0,79
5,3,3,2024-04-24,new,,4.0,0,499
6,4,4,2023-12-18,new,,1.0,0,29
7,4,4,2024-04-18,upgrade,1.0,2.0,29,79
8,5,5,2022-07-02,new,,1.0,0,29
9,5,5,2023-02-02,upgrade,1.0,2.0,29,79
10,6,6,2022-07-08,new,,1.0,0,29
11,6,6,2023-11-08,upgrade,1.0,2.0,29,79
12,6,6,2024-03-08,downgrade,2.0,1.0,79,29
13,6,6,2024-05-08,churn,1.0,,29,0
14,7,7,2022-02-18,new,,2.0,0,79
15,7,7,2023-08-18,upgrade,2.0,3.0,79,199
16,8,8,2024-08-23,new,,3.0,0,199
17,9,9,2023-12-15,new,,3.0,0,199
18,9,9,2024-02-15,churn,3.0,,199,0
19,10,10,2024-03-28,new,,3.0,0,199
20,10,10,2024-12-28,churn,3.0,,199,0
21,11,11,2022-01-06,new,,3.0,0,199
22,11,11,2024-11-06,upgrade,3.0,4.0,199,499
23,12,12,2024-11-05,new,,3.0,0,199
24,13,13,2024-07-11,new,,3.0,0,199
25,14,14,2022-09-04,new,,2.0,0,79
26,14,14,2022-11-04,churn,2.0,,79,0
27,15,15,2022-08-20,new,,1.0,0,29
28,16,16,2022-08-24,new,,2.0,0,79
29,16,16,2024-04-24,upgrade,2.0,3.0,79,199
30,17,17,2023-01-13,new,,3.0,0,199
31,17,17,2023-10-13,churn,3.0,,199,0
32,18,18,2023-09-27,new,,1.0,0,29
33,18,18,2024-12-27,churn,1.0,,29,0
34,19,19,2023-06-12,new,,1.0,0,29
35,19,19,2023-10-12,churn,1.0,,29,0
36,20,20,2023-01-03,new,,1.0,0,29
37,20,20,2024-07-03,churn,1.0,,29,0
38,21,21,2024-01-25,new,,3.0,0,199
39,21,21,2024-07-25,upgrade,3.0,4.0,199,499
40,22,22,2022-07-28,new,,2.0,0,79
41,22,22,2022-08-28,churn,2.0,,79,0
42,23,23,2023-01-13,new,,4.0,0,499
43,23,23,2024-06-13,downgrade,4.0,3.0,499,199
44,23,23,2024-07-13,upgrade,3.0,4.0,199,499
45,24,24,2023-03-27,new,,3.0,0,199
46,24,24,2023-10-27,downgrade,3.0,2.0,199,79
47,24,24,2023-11-27,upgrade,2.0,3.0,79,199
48,25,25,2023-07-12,new,,3.0,0,199
49,25,25,2023-11-12,churn,3.0,,199,0
50,26,26,2024-06-23,new,,3.0,0,199
51,27,27,2022-09-06,new,,2.0,0,79
52,27,27,2023-01-06,churn,2.0,,79,0
53,28,28,2023-09-06,new,,1.0,0,29
54,29,29,2023-12-21,new,,1.0,0,29
55,29,29,2024-03-21,upgrade,1.0,2.0,29,79
56,30,30,2022-02-11,new,,3.0,0,199
57,30,30,2022-05-11,churn,3.0,,199,0
58,31,31,2024-01-02,new,,2.0,0,79
59,31,31,2024-10-02,downgrade,2.0,1.0,79,29
60,32,32,2022-08-03,new,,2.0,0,79
61,32,32,2022-11-03,churn,2.0,,79,0
62,33,33,2022-03-19,new,,1.0,0,29
63,33,33,2023-11-19,upgrade,1.0,2.0,29,79
64,33,33,2023-12-19,upgrade,2.0,3.0,79,199
65,34,34,2024-10-16,new,,1.0,0,29
66,34,34,2024-12-16,churn,1.0,,29,0
67,35,35,2024-11-21,new,,2.0,0,79
68,36,36,2024-06-05,new,,3.0,0,199
69,37,37,2023-01-18,new,,2.0,0,79
70,37,37,2023-03-18,downgrade,2.0,1.0,79,29
71,37,37,2023-06-18,upgrade,1.0,2.0,29,79
72,37,37,2024-10-18,upgrade,2.0,3.0,79,199
73,38,38,2022-04-14,new,,2.0,0,79
74,38,38,2024-03-14,upgrade,2.0,3.0,79,199
75,39,39,2024-02-08,new,,1.0,0,29
76,40,40,2023-06-03,new,,2.0,0,79
77,40,40,2024-08-03,upgrade,2.0,3.0,79,199
78,41,41,2022-06-05,new,,2.0,0,79
79,41,41,2023-01-05,downgrade,2.0,1.0,79,29
80,41,41,2024-02-05,churn,1.0,,29,0
81,42,42,2023-08-14,new,,1.0,0,29
82,43,43,2022-02-13,new,,3.0,0,199
83,43,43,2023-01-13,upgrade,3.0,4.0,199,499
84,43,43,2023-08-13,churn,4.0,,499,0
85,44,44,2024-09-17,new,,3.0,0,199
86,44,44,2024-12-17,upgrade,3.0,4.0,199,499
87,45,45,2022-12-28,new,,1.0,0,29
88,45,45,2023-04-28,churn,1.0,,29,0
89,46,46,2024-02-04,new,,2.0,0,79
90,46,46,2024-04-04,churn,2.0,,79,0
91,47,47,2023-02-25,new,,2.0,0,79
92,47,47,2023-07-25,downgrade,2.0,1.0,79,29
93,47,47,2023-09-25,upgrade,1.0,2.0,29,79
94,47,47,2024-04-25,downgrade,2.0,1.0,79,29
95,48,48,2023-09-14,new,,2.0,0,79
96,48,48,2024-01-14,upgrade,2.0,3.0,79,199
97,48,48,2024-06-14,upgrade,3.0,4.0,199,499
98,48,48,2024-11-14,downgrade,4.0,3.0,499,199
99,49,49,2023-10-24,new,,3.0,0,199
100,49,49,2024-12-24,churn,3.0,,199,0
101,50,50,2022-08-25,new,,2.0,0,79
102,50,50,2023-03-25,downgrade,2.0,1.0,79,29
103,50,50,2024-02-25,upgrade,1.0,2.0,29,79
104,50,50,2024-03-25,upgrade,2.0,3.0,79,199
105,50,50,2024-11-25,churn,3.0,,199,0
106,51,51,2024-11-04,new,,2.0,0,79
107,52,52,2024-05-17,new,,2.0,0,79
108,53,53,2024-10-12,new,,2.0,0,79
109,54,54,2024-09-25,new,,2.0,0,79
110,54,54,2024-11-25,downgrade,2.0,1.0,79,29
111,55,55,2023-12-20,new,,2.0,0,79
112,56,56,2024-09-04,new,,4.0,0,499
113,57,57,2022-04-27,new,,2.0,0,79
114,57,57,2022-09-27,downgrade,2.0,1.0,79,29
115,57,57,2022-11-27,churn,1.0,,29,0
116,58,57,2023-01-27,reactivation,,1.0,0,29
117,58,57,2023-06-27,upgrade,1.0,2.0,29,79
118,58,57,2024-01-27,churn,2.0,,79,0
119,59,58,2022-09-08,new,,2.0,0,79
120,59,58,2023-08-08,upgrade,2.0,3.0,79,199
121,59,58,2024-05-08,upgrade,3.0,4.0,199,499
122,60,59,2022-02-03,new,,3.0,0,199
123,60,59,2022-05-03,churn,3.0,,199,0
124,61,60,2023-02-25,new,,1.0,0,29
125,61,60,2023-06-25,upgrade,1.0,2.0,29,79
126,61,60,2024-03-25,downgrade,2.0,1.0,79,29
127,61,60,2024-07-25,upgrade,1.0,2.0,29,79
128,62,61,2023-04-05,new,,4.0,0,499
129,62,61,2023-10-05,downgrade,4.0,3.0,499,199
130,63,62,2023-01-06,new,,1.0,0,29
131,63,62,2024-01-06,upgrade,1.0,2.0,29,79
132,63,62,2024-02-06,churn,2.0,,79,0
133,64,63,2024-07-20,new,,1.0,0,29
134,65,64,2023-03-18,new,,3.0,0,199
135,66,65,2023-01-13,new,,2.0,0,79
136,66,65,2023-07-13,upgrade,2.0,3.0,79,199
137,66,65,2023-09-13,upgrade,3.0,4.0,199,499
138,66,65,2024-01-13,downgrade,4.0,3.0,499,199
139,67,66,2023-10-17,new,,1.0,0,29
140,67,66,2024-04-17,upgrade,1.0,2.0,29,79
141,67,66,2024-12-17,upgrade,2.0,3.0,79,199
142,68,67,2022-07-08,new,,2.0,0,79
143,68,67,2023-09-08,churn,2.0,,79,0
144,69,67,2023-10-08,reactivation,,2.0,0,79
145,69,67,2024-05-08,churn,2.0,,79,0
146,70,68,2024-06-19,new,,4.0,0,499
147,71,69,2022-03-08,new,,1.0,0,29
148,71,69,2022-07-08,churn,1.0,,29,0
149,72,70,2024-12-21,new,,3.0,0,199
150,73,71,2024-05-02,new,,2.0,0,79
151,73,71,2024-10-02,churn,2.0,,79,0
152,74,72,2022-09-08,new,,2.0,0,79
153,74,72,2024-05-08,downgrade,2.0,1.0,79,29
154,75,73,2022-01-07,new,,1.0,0,29
155,75,73,2022-04-07,upgrade,1.0,2.0,29,79
156,75,73,2022-07-07,upgrade,2.0,3.0,79,199
157,75,73,2023-05-07,downgrade,3.0,2.0,199,79
158,76,74,2024-07-19,new,,2.0,0,79
159,77,75,2024-03-26,new,,2.0,0,79
160,77,75,2024-04-26,churn,2.0,,79,0
161,78,76,2024-04-07,new,,2.0,0,79
162,78,76,2024-10-07,churn,2.0,,79,0
163,79,77,2024-05-14,new,,3.0,0,199
164,80,78,2022-03-15,new,,1.0,0,29
165,80,78,2022-06-15,upgrade,1.0,2.0,29,79
166,80,78,2023-09-15,upgrade,2.0,3.0,79,199
167,80,78,2023-11-15,upgrade,3.0,4.0,199,499
168,80,78,2023-12-15,downgrade,4.0,3.0,499,199
169,80,78,2024-06-15,downgrade,3.0,2.0,199,79
170,81,79,2023-03-21,new,,1.0,0,29
171,81,79,2023-09-21,churn,1.0,,29,0
172,82,80,2022-05-24,new,,2.0,0,79
173,82,80,2024-10-24,downgrade,2.0,1.0,79,29
174,83,81,2024-08-04,new,,2.0,0,79
175,83,81,2024-12-04,churn,2.0,,79,0
176,84,82,2024-01-18,new,,2.0,0,79
177,85,83,2023-02-06,new,,4.0,0,499
178,85,83,2023-10-06,churn,4.0,,499,0
179,86,83,2023-12-06,reactivation,,4.0,0,499
180,87,84,2022-03-28,new,,3.0,0,199
181,87,84,2022-12-28,downgrade,3.0,2.0,199,79
182,87,84,2024-08-28,upgrade,2.0,3.0,79,199
183,87,84,2024-10-28,upgrade,3.0,4.0,199,499
184,88,85,2023-02-28,new,,1.0,0,29
185,88,85,2023-08-28,churn,1.0,,29,0
186,89,86,2023-02-21,new,,2.0,0,79
187,89,86,2023-03-21,churn,2.0,,79,0
188,90,87,2024-04-03,new,,1.0,0,29
189,90,87,2024-07-03,churn,1.0,,29,0
190,91,88,2024-01-16,new,,1.0,0,29
191,91,88,2024-05-16,upgrade,1.0,2.0,29,79
192,91,88,2024-10-16,upgrade,2.0,3.0,79,199
193,92,89,2024-09-13,new,,2.0,0,79
194,93,90,2023-08-01,new,,3.0,0,199
195,94,91,2022-06-26,new,,2.0,0,79
196,94,91,2023-04-26,upgrade,2.0,3.0,79,199
197,94,91,2023-05-26,upgrade,3.0,4.0,199,499
198,95,92,2024-03-23,new,,2.0,0,79
199,96,93,2024-05-16,new,,3.0,0,199
200,97,94,2023-10-07,new,,3.0,0,199
201,97,94,2024-05-07,churn,3.0,,199,0
202,98,95,2024-05-18,new,,1.0,0,29
203,98,95,2024-12-18,churn,1.0,,29,0
204,99,96,2023-08-02,new,,2.0,0,79
205,99,96,2023-10-02,churn,2.0,,79,0
206,100,97,2023-09-17,new,,2.0,0,79
207,100,97,2024-03-17,upgrade,2.0,3.0,79,199
208,101,98,2023-06-17,new,,2.0,0,79
209,102,99,2022-01-03,new,,2.0,0,79
210,102,99,2022-03-03,churn,2.0,,79,0
211,103,100,2022-05-28,new,,2.0,0,79
212,103,100,2023-03-28,upgrade,2.0,3.0,79,199
213,103,100,2023-11-28,upgrade,3.0,4.0,199,499
214,104,101,2022-02-19,new,,3.0,0,199
215,104,101,2022-06-19,churn,3.0,,199,0
216,105,102,2024-01-02,new,,1.0,0,29
217,105,102,2024-03-02,churn,1.0,,29,0
218,106,103,2023-02-22,new,,3.0,0,199
219,107,104,2023-09-11,new,,3.0,0,199
220,108,105,2024-09-23,new,,3.0,0,199
221,108,105,2024-11-23,churn,3.0,,199,0
222,109,106,2022-11-13,new,,4.0,0,499
223,109,106,2024-08-13,churn,4.0,,499,0
224,110,107,2023-05-10,new,,3.0,0,199
225,110,107,2023-08-10,upgrade,3.0,4.0,199,499
226,111,108,2024-05-25,new,,1.0,0,29
227,111,108,2024-12-25,upgrade,1.0,2.0,29,79
228,112,109,2022-10-20,new,,2.0,0,79
229,112,109,2023-06-20,churn,2.0,,79,0
230,113,110,2022-03-03,new,,4.0,0,499
231,113,110,2024-06-03,downgrade,4.0,3.0,499,199
232,113,110,2024-07-03,churn,3.0,,199,0
233,114,110,2024-09-03,reactivation,,2.0,0,79
234,115,111,2023-01-09,new,,1.0,0,29
235,116,112,2022-08-03,new,,3.0,0,199
236,116,112,2023-05-03,upgrade,3.0,4.0,199,499
237,117,113,2024-10-06,new,,2.0,0,79
238,117,113,2024-12-06,churn,2.0,,79,0
239,118,114,2024-06-23,new,,1.0,0,29
240,118,114,2024-12-23,upgrade,1.0,2.0,29,79
241,119,115,2024-01-26,new,,1.0,0,29
242,119,115,2024-04-26,upgrade,1.0,2.0,29,79
243,120,116,2024-08-27,new,,3.0,0,199
244,121,117,2024-06-22,new,,4.0,0,499
245,121,117,2024-10-22,churn,4.0,,499,0
246,122,118,2022-08-05,new,,1.0,0,29
247,122,118,2022-10-05,churn,1.0,,29,0
248,123,119,2024-09-04,new,,3.0,0,199
249,124,120,2023-10-10,new,,2.0,0,79
250,124,120,2024-01-10,churn,2.0,,79,0
251,125,121,2024-06-11,new,,2.0,0,79
252,125,121,2024-09-11,upgrade,2.0,3.0,79,199
253,126,122,2024-09-28,new,,2.0,0,79
254,127,123,2023-02-09,new,,1.0,0,29
255,127,123,2023-04-09,churn,1.0,,29,0
256,128,124,2022-05-14,new,,1.0,0,29
257,128,124,2022-09-14,churn,1.0,,29,0
258,129,125,2022-10-11,new,,4.0,0,499
259,130,126,2023-06-09,new,,3.0,0,199
260,130,126,2023-11-09,upgrade,3.0,4.0,199,499
261,131,127,2024-07-18,new,,3.0,0,199
262,131,127,2024-12-18,upgrade,3.0,4.0,199,499
263,132,128,2024-08-04,new,,2.0,0,79
264,133,129,2022-01-23,new,,4.0,0,499
265,134,130,2023-09-27,new,,2.0,0,79
266,134,130,2024-07-27,upgrade,2.0,3.0,79,199
267,135,131,2023-06-05,new,,1.0,0,29
268,135,131,2023-09-05,churn,1.0,,29,0
269,136,132,2022-10-10,new,,4.0,0,499
270,137,133,2022-06-26,new,,3.0,0,199
271,137,133,2023-07-26,churn,3.0,,199,0
272,138,134,2023-02-07,new,,4.0,0,499
273,139,135,2024-10-12,new,,3.0,0,199
274,140,136,2023-02-14,new,,2.0,0,79
275,140,136,2023-05-14,churn,2.0,,79,0
276,141,137,2023-09-08,new,,2.0,0,79
277,141,137,2024-08-08,upgrade,2.0,3.0,79,199
278,142,138,2024-03-26,new,,3.0,0,199
279,142,138,2024-04-26,churn,3.0,,199,0
280,143,138,2024-07-26,reactivation,,3.0,0,199
281,143,138,2024-08-26,churn,3.0,,199,0
282,144,138,2024-10-26,reactivation,,2.0,0,79
283,144,138,2024-12-26,churn,2.0,,79,0
284,145,139,2023-03-01,new,,4.0,0,499
285,145,139,2023-12-01,downgrade,4.0,3.0,499,199
286,146,140,2024-11-11,new,,1.0,0,29
287,147,141,2024-11-28,new,,1.0,0,29
288,147,141,2024-12-28,churn,1.0,,29,0
289,148,142,2022-11-26,new,,2.0,0,79
290,149,143,2023-08-02,new,,2.0,0,79
291,149,143,2024-06-02,upgrade,2.0,3.0,79,199
292,149,143,2024-11-02,downgrade,3.0,2.0,199,79
293,150,144,2023-01-27,new,,2.0,0,79
294,150,144,2024-07-27,upgrade,2.0,3.0,79,199
295,151,145,2023-01-27,new,,2.0,0,79
296,151,145,2024-02-27,churn,2.0,,79,0
297,152,146,2022-02-22,new,,1.0,0,29
298,152,146,2024-03-22,churn,1.0,,29,0
299,153,147,2024-01-09,new,,2.0,0,79
300,154,148,2023-09-09,new,,3.0,0,199
301,154,148,2024-04-09,upgrade,3.0,4.0,199,499
302,155,149,2022-02-13,new,,3.0,0,199
303,155,149,2023-11-13,upgrade,3.0,4.0,199,499
304,156,150,2023-01-01,new,,2.0,0,79
305,157,151,2024-09-09,new,,2.0,0,79
306,158,152,2022-11-09,new,,2.0,0,79
307,158,152,2023-02-09,churn,2.0,,79,0
308,159,153,2022-07-14,new,,2.0,0,79
309,159,153,2024-06-14,upgrade,2.0,3.0,79,199
310,159,153,2024-07-14,upgrade,3.0,4.0,199,499
311,160,154,2023-08-11,new,,2.0,0,79
312,160,154,2024-04-11,downgrade,2.0,1.0,79,29
313,161,155,2024-12-17,new,,1.0,0,29
314,162,156,2022-11-19,new,,1.0,0,29
315,162,156,2022-12-19,churn,1.0,,29,0
316,163,157,2024-02-23,new,,3.0,0,199
317,163,157,2024-07-23,upgrade,3.0,4.0,199,499
318,164,158,2024-05-26,new,,1.0,0,29
319,164,158,2024-06-26,churn,1.0,,29,0
320,165,159,2022-11-24,new,,3.0,0,199
321,165,159,2023-09-24,upgrade,3.0,4.0,199,499
322,166,160,2024-04-03,new,,2.0,0,79
323,166,160,2024-06-03,churn,2.0,,79,0
324,167,160,2024-08-03,reactivation,,1.0,0,29
325,167,160,2024-11-03,upgrade,1.0,2.0,29,79
326,167,160,2024-12-03,churn,2.0,,79,0
327,168,161,2023-03-22,new,,2.0,0,79
328,169,162,2024-01-10,new,,2.0,0,79
329,169,162,2024-02-10,churn,2.0,,79,0
330,170,162,2024-03-10,reactivation,,2.0,0,79
331,170,162,2024-07-10,upgrade,2.0,3.0,79,199
332,171,163,2024-01-14,new,,3.0,0,199
333,172,164,2023-09-10,new,,3.0,0,199
334,172,164,2024-03-10,churn,3.0,,199,0
335,173,165,2022-04-14,new,,1.0,0,29
336,174,166,2024-07-06,new,,1.0,0,29
337,175,167,2023-02-13,new,,1.0,0,29
338,175,167,2023-04-13,churn,1.0,,29,0
339,176,167,2023-06-13,reactivation,,1.0,0,29
340,177,168,2022-08-10,new,,1.0,0,29
341,177,168,2023-01-10,upgrade,1.0,2.0,29,79
342,177,168,2023-05-10,upgrade,2.0,3.0,79,199
343,177,168,2023-11-10,upgrade,3.0,4.0,199,499
344,178,169,2022-02-26,new,,2.0,0,79
345,178,169,2022-08-26,downgrade,2.0,1.0,79,29
346,178,169,2022-11-26,churn,1.0,,29,0
347,179,170,2023-12-11,new,,2.0,0,79
348,179,170,2024-12-11,churn,2.0,,79,0
349,180,171,2024-02-22,new,,2.0,0,79
350,180,171,2024-03-22,churn,2.0,,79,0
351,181,172,2022-01-26,new,,3.0,0,199
352,181,172,2022-06-26,churn,3.0,,199,0
353,182,173,2023-09-10,new,,2.0,0,79
354,182,173,2024-01-10,downgrade,2.0,1.0,79,29
355,182,173,2024-04-10,churn,1.0,,29,0
356,183,174,2022-10-20,new,,4.0,0,499
357,184,175,2024-01-25,new,,3.0,0,199
358,184,175,2024-04-25,upgrade,3.0,4.0,199,499
359,185,176,2022-08-08,new,,2.0,0,79
360,185,176,2023-03-08,upgrade,2.0,3.0,79,199
361,185,176,2023-10-08,churn,3.0,,199,0
362,186,177,2024-02-02,new,,3.0,0,199
363,187,178,2023-04-20,new,,3.0,0,199
364,187,178,2023-07-20,downgrade,3.0,2.0,199,79
365,187,178,2024-04-20,downgrade,2.0,1.0,79,29
366,187,178,2024-11-20,upgrade,1.0,2.0,29,79
367,188,179,2024-10-21,new,,2.0,0,79
368,188,179,2024-12-21,churn,2.0,,79,0
369,189,180,2022-06-23,new,,1.0,0,29
370,190,181,2023-02-08,new,,2.0,0,79
371,190,181,2023-11-08,upgrade,2.0,3.0,79,199
372,190,181,2024-02-08,upgrade,3.0,4.0,199,499
373,191,182,2022-05-01,new,,2.0,0,79
374,191,182,2022-11-01,churn,2.0,,79,0
375,192,183,2024-10-08,new,,4.0,0,499
376,193,184,2024-08-23,new,,3.0,0,199
377,194,185,2022-12-18,new,,2.0,0,79
378,194,185,2023-03-18,upgrade,2.0,3.0,79,199
379,194,185,2024-07-18,downgrade,3.0,2.0,199,79
380,195,186,2024-02-04,new,,2.0,0,79
381,196,187,2024-07-15,new,,2.0,0,79
382,197,188,2023-10-20,new,,3.0,0,199
383,197,188,2024-04-20,upgrade,3.0,4.0,199,499
384,198,189,2023-09-15,new,,2.0,0,79
385,198,189,2024-02-15,upgrade,2.0,3.0,79,199
386,198,189,2024-05-15,upgrade,3.0,4.0,199,499
387,199,190,2022-11-17,new,,1.0,0,29
388,199,190,2022-12-17,churn,1.0,,29,0
389,200,190,2023-01-17,reactivation,,1.0,0,29
390,200,190,2023-02-17,churn,1.0,,29,0
391,201,191,2022-04-18,new,,1.0,0,29
392,201,191,2022-07-18,upgrade,1.0,2.0,29,79
393,201,191,2022-11-18,downgrade,2.0,1.0,79,29
394,201,191,2022-12-18,upgrade,1.0,2.0,29,79
395,201,191,2023-10-18,downgrade,2.0,1.0,79,29
396,201,191,2024-02-18,churn,1.0,,29,0
397,202,191,2024-03-18,reactivation,,1.0,0,29
398,202,191,2024-09-18,churn,1.0,,29,0
399,203,192,2024-09-24,new,,2.0,0,79
400,204,193,2024-09-25,new,,2.0,0,79
401,204,193,2024-12-25,churn,2.0,,79,0
402,205,194,2024-01-09,new,,2.0,0,79
403,205,194,2024-06-09,downgrade,2.0,1.0,79,29
404,206,195,2023-02-08,new,,3.0,0,199
405,206,195,2023-10-08,downgrade,3.0,2.0,199,79
406,206,195,2024-04-08,downgrade,2.0,1.0,79,29
407,206,195,2024-10-08,upgrade,1.0,2.0,29,79
408,207,196,2023-03-23,new,,3.0,0,199
409,207,196,2023-08-23,churn,3.0,,199,0
410,208,197,2024-04-11,new,,2.0,0,79
411,208,197,2024-09-11,upgrade,2.0,3.0,79,199
412,209,198,2024-09-03,new,,3.0,0,199
413,210,199,2024-09-13,new,,2.0,0,79
414,211,200,2024-05-03,new,,1.0,0,29
415,211,200,2024-10-03,churn,1.0,,29,0
416,212,201,2024-01-18,new,,2.0,0,79
417,212,201,2024-11-18,upgrade,2.0,3.0,79,199
418,213,202,2022-04-07,new,,1.0,0,29
419,213,202,2022-08-07,churn,1.0,,29,0
420,214,203,2022-08-25,new,,3.0,0,199
421,214,203,2023-04-25,churn,3.0,,199,0
422,215,204,2024-09-01,new,,2.0,0,79
423,216,205,2024-01-01,new,,3.0,0,199
424,216,205,2024-05-01,churn,3.0,,199,0
425,217,206,2022-01-13,new,,4.0,0,499
426,218,207,2022-05-24,new,,1.0,0,29
427,218,207,2023-06-24,upgrade,1.0,2.0,29,79
428,218,207,2024-02-24,upgrade,2.0,3.0,79,199
429,219,208,2024-02-08,new,,3.0,0,199
430,219,208,2024-03-08,churn,3.0,,199,0
431,220,209,2022-01-14,new,,2.0,0,79
432,220,209,2023-05-14,downgrade,2.0,1.0,79,29
433,220,209,2024-12-14,upgrade,1.0,2.0,29,79
434,221,210,2022-08-11,new,,2.0,0,79
435,221,210,2022-10-11,churn,2.0,,79,0
436,222,211,2023-10-27,new,,2.0,0,79
437,222,211,2024-08-27,upgrade,2.0,3.0,79,199
438,223,212,2024-02-20,new,,2.0,0,79
439,224,213,2024-02-13,new,,1.0,0,29
440,225,214,2022-10-01,new,,1.0,0,29
441,225,214,2023-01-01,churn,1.0,,29,0
442,226,215,2024-03-05,new,,3.0,0,199
443,227,216,2022-11-09,new,,2.0,0,79
444,227,216,2023-07-09,downgrade,2.0,1.0,79,29
445,227,216,2023-12-09,upgrade,1.0,2.0,29,79
446,227,216,2024-01-09,downgrade,2.0,1.0,79,29
447,227,216,2024-06-09,upgrade,1.0,2.0,29,79
448,228,217,2023-02-15,new,,1.0,0,29
449,228,217,2023-05-15,churn,1.0,,29,0
450,229,218,2024-04-13,new,,2.0,0,79
451,229,218,2024-09-13,churn,2.0,,79,0
452,230,219,2024-02-27,new,,1.0,0,29
453,230,219,2024-06-27,churn,1.0,,29,0
454,231,220,2024-08-03,new,,1.0,0,29
455,231,220,2024-12-03,churn,1.0,,29,0
456,232,221,2024-02-18,new,,1.0,0,29
457,232,221,2024-09-18,upgrade,1.0,2.0,29,79
458,232,221,2024-12-18,upgrade,2.0,3.0,79,199
459,233,222,2023-11-12,new,,2.0,0,79
460,233,222,2024-07-12,upgrade,2.0,3.0,79,199
461,233,222,2024-08-12,upgrade,3.0,4.0,199,499
462,233,222,2024-10-12,downgrade,4.0,3.0,499,199
463,234,223,2022-04-25,new,,1.0,0,29
464,234,223,2023-04-25,churn,1.0,,29,0
465,235,224,2023-03-08,new,,3.0,0,199
466,235,224,2023-07-08,churn,3.0,,199,0
467,236,225,2022-12-20,new,,1.0,0,29
468,236,225,2023-05-20,upgrade,1.0,2.0,29,79
469,237,226,2022-11-16,new,,1.0,0,29
470,237,226,2023-09-16,upgrade,1.0,2.0,29,79
471,237,226,2023-10-16,downgrade,2.0,1.0,79,29
472,237,226,2024-07-16,upgrade,1.0,2.0,29,79
473,238,227,2024-11-07,new,,2.0,0,79
474,238,227,2024-12-07,churn,2.0,,79,0
475,239,228,2023-05-25,new,,3.0,0,199
476,239,228,2023-07-25,downgrade,3.0,2.0,199,79
477,239,228,2024-10-25,upgrade,2.0,3.0,79,199
478,239,228,2024-12-25,churn,3.0,,199,0
479,240,229,2024-09-20,new,,4.0,0,499
480,241,230,2024-01-06,new,,3.0,0,199
481,241,230,2024-02-06,churn,3.0,,199,0
482,242,231,2024-06-01,new,,2.0,0,79
483,242,231,2024-12-01,upgrade,2.0,3.0,79,199
484,243,232,2023-09-13,new,,1.0,0,29
485,243,232,2024-01-13,churn,1.0,,29,0
486,244,233,2023-11-07,new,,1.0,0,29
487,244,233,2024-07-07,upgrade,1.0,2.0,29,79
488,244,233,2024-09-07,upgrade,2.0,3.0,79,199
489,245,234,2023-08-27,new,,3.0,0,199
490,246,235,2022-09-25,new,,2.0,0,79
491,246,235,2023-07-25,upgrade,2.0,3.0,79,199
492,246,235,2023-10-25,downgrade,3.0,2.0,199,79
493,246,235,2024-02-25,downgrade,2.0,1.0,79,29
494,246,235,2024-03-25,upgrade,1.0,2.0,29,79
495,247,236,2024-04-20,new,,2.0,0,79
496,247,236,2024-07-20,churn,2.0,,79,0
497,248,237,2023-01-19,new,,2.0,0,79
498,248,237,2023-06-19,churn,2.0,,79,0
499,249,238,2022-01-14,new,,1.0,0,29
500,249,238,2022-05-14,upgrade,1.0,2.0,29,79
501,249,238,2022-12-14,upgrade,2.0,3.0,79,199
502,249,238,2023-09-14,upgrade,3.0,4.0,199,499
503,249,238,2024-02-14,downgrade,4.0,3.0,499,199
504,250,239,2024-01-21,new,,2.0,0,79
505,250,239,2024-05-21,churn,2.0,,79,0
506,251,240,2022-08-14,new,,1.0,0,29
507,251,240,2022-12-14,churn,1.0,,29,0
508,252,241,2024-10-12,new,,2.0,0,79
509,253,242,2024-10-14,new,,2.0,0,79
510,254,243,2024-09-21,new,,3.0,0,199
511,255,244,2023-04-18,new,,2.0,0,79
512,255,244,2024-05-18,upgrade,2.0,3.0,79,199
513,256,245,2022-01-27,new,,3.0,0,199
514,256,245,2022-04-27,churn,3.0,,199,0
515,257,246,2024-10-28,new,,4.0,0,499
516,258,247,2023-06-03,new,,2.0,0,79
517,258,247,2024-12-03,downgrade,2.0,1.0,79,29
518,259,248,2024-11-08,new,,4.0,0,499
519,260,249,2024-11-22,new,,3.0,0,199
520,261,250,2024-08-16,new,,2.0,0,79
521,262,251,2023-01-07,new,,3.0,0,199
522,262,251,2023-08-07,downgrade,3.0,2.0,199,79
523,262,251,2023-09-07,upgrade,2.0,3.0,79,199
524,262,251,2024-02-07,upgrade,3.0,4.0,199,499
525,263,252,2023-04-11,new,,1.0,0,29
526,263,252,2023-05-11,churn,1.0,,29,0
527,264,253,2024-08-23,new,,1.0,0,29
528,264,253,2024-12-23,churn,1.0,,29,0
529,265,254,2023-02-17,new,,4.0,0,499
530,266,255,2022-08-24,new,,1.0,0,29
531,266,255,2022-12-24,churn,1.0,,29,0
532,267,256,2023-10-25,new,,1.0,0,29
533,267,256,2024-04-25,churn,1.0,,29,0
534,268,256,2024-05-25,reactivation,,1.0,0,29
535,269,257,2024-10-21,new,,1.0,0,29
536,270,258,2024-03-01,new,,1.0,0,29
537,271,259,2023-11-13,new,,2.0,0,79
538,271,259,2024-04-13,upgrade,2.0,3.0,79,199
539,271,259,2024-08-13,upgrade,3.0,4.0,199,499
540,272,260,2022-04-19,new,,1.0,0,29
541,272,260,2022-08-19,churn,1.0,,29,0
542,273,261,2024-01-17,new,,2.0,0,79
543,274,262,2024-12-24,new,,3.0,0,199
544,275,263,2022-07-23,new,,2.0,0,79
545,275,263,2023-01-23,upgrade,2.0,3.0,79,199
546,275,263,2024-06-23,downgrade,3.0,2.0,199,79
547,276,264,2023-09-09,new,,2.0,0,79
548,276,264,2024-03-09,upgrade,2.0,3.0,79,199
549,276,264,2024-12-09,upgrade,3.0,4.0,199,499
550,277,265,2024-08-07,new,,1.0,0,29
551,277,265,2024-10-07,churn,1.0,,29,0
552,278,265,2024-11-07,reactivation,,1.0,0,29
553,279,266,2024-04-18,new,,2.0,0,79
554,279,266,2024-09-18,upgrade,2.0,3.0,79,199
555,280,267,2024-03-24,new,,2.0,0,79
556,280,267,2024-06-24,upgrade,2.0,3.0,79,199
557,280,267,2024-08-24,upgrade,3.0,4.0,199,499
558,280,267,2024-10-24,churn,4.0,,499,0
559,281,268,2024-03-19,new,,2.0,0,79
560,281,268,2024-04-19,churn,2.0,,79,0
561,282,268,2024-07-19,reactivation,,2.0,0,79
562,283,269,2023-03-04,new,,2.0,0,79
563,283,269,2023-04-04,churn,2.0,,79,0
564,284,270,2023-01-12,new,,3.0,0,199
565,284,270,2024-09-12,downgrade,3.0,2.0,199,79
566,284,270,2024-12-12,upgrade,2.0,3.0,79,199
567,285,271,2024-06-23,new,,1.0,0,29
568,286,272,2024-06-02,new,,2.0,0,79
569,287,273,2024-08-23,new,,2.0,0,79
570,288,274,2024-09-25,new,,2.0,0,79
571,289,275,2023-09-01,new,,3.0,0,199
572,289,275,2023-12-01,upgrade,3.0,4.0,199,499
573,289,275,2024-08-01,downgrade,4.0,3.0,499,199
574,289,275,2024-10-01,upgrade,3.0,4.0,199,499
575,290,276,2023-08-16,new,,1.0,0,29
576,290,276,2023-11-16,churn,1.0,,29,0
577,291,277,2024-06-02,new,,2.0,0,79
578,291,277,2024-08-02,churn,2.0,,79,0
579,292,278,2024-02-16,new,,1.0,0,29
580,292,278,2024-08-16,churn,1.0,,29,0
581,293,279,2024-03-13,new,,2.0,0,79
582,293,279,2024-05-13,churn,2.0,,79,0
583,294,280,2024-06-21,new,,1.0,0,29
584,295,281,2024-09-26,new,,3.0,0,199
585,296,282,2023-02-03,new,,2.0,0,79
586,296,282,2023-10-03,downgrade,2.0,1.0,79,29
587,296,282,2024-07-03,upgrade,1.0,2.0,29,79
588,297,283,2023-04-25,new,,2.0,0,79
589,298,284,2022-04-26,new,,2.0,0,79
590,298,284,2024-02-26,upgrade,2.0,3.0,79,199
591,298,284,2024-08-26,upgrade,3.0,4.0,199,499
592,299,285,2023-11-17,new,,1.0,0,29
593,299,285,2024-11-17,churn,1.0,,29,0
594,300,286,2022-02-15,new,,3.0,0,199
595,300,286,2022-05-15,churn,3.0,,199,0
596,301,287,2023-07-14,new,,2.0,0,79
597,301,287,2024-04-14,upgrade,2.0,3.0,79,199
598,301,287,2024-11-14,upgrade,3.0,4.0,199,499
599,302,288,2023-10-02,new,,3.0,0,199
600,302,288,2024-02-02,churn,3.0,,199,0
601,303,289,2023-01-04,new,,1.0,0,29
602,303,289,2023-03-04,churn,1.0,,29,0
603,304,290,2023-12-09,new,,2.0,0,79
604,304,290,2024-02-09,churn,2.0,,79,0
605,305,291,2022-02-06,new,,3.0,0,199
606,305,291,2023-01-06,churn,3.0,,199,0
607,306,292,2022-02-01,new,,4.0,0,499
608,307,293,2024-07-20,new,,3.0,0,199
609,307,293,2024-12-20,upgrade,3.0,4.0,199,499
610,308,294,2023-03-08,new,,2.0,0,79
611,309,295,2022-06-23,new,,2.0,0,79
612,309,295,2022-10-23,churn,2.0,,79,0
613,310,295,2022-12-23,reactivation,,2.0,0,79
614,310,295,2024-02-23,upgrade,2.0,3.0,79,199
615,310,295,2024-06-23,upgrade,3.0,4.0,199,499
616,311,296,2023-09-08,new,,2.0,0,79
617,312,297,2024-05-21,new,,2.0,0,79
618,312,297,2024-11-21,upgrade,2.0,3.0,79,199
619,313,298,2022-10-07,new,,1.0,0,29
620,314,299,2024-01-08,new,,4.0,0,499
621,315,300,2022-04-27,new,,1.0,0,29
622,315,300,2022-07-27,upgrade,1.0,2.0,29,79
623,315,300,2023-06-27,upgrade,2.0,3.0,79,199
624,315,300,2023-09-27,upgrade,3.0,4.0,199,499
625,316,301,2022-02-06,new,,2.0,0,79
626,316,301,2022-09-06,upgrade,2.0,3.0,79,199
627,316,301,2023-12-06,upgrade,3.0,4.0,199,499
628,317,302,2023-09-27,new,,3.0,0,199
629,317,302,2024-04-27,upgrade,3.0,4.0,199,499
630,317,302,2024-10-27,downgrade,4.0,3.0,499,199
631,318,303,2023-10-15,new,,3.0,0,199
632,318,303,2024-07-15,churn,3.0,,199,0
633,319,304,2024-01-10,new,,1.0,0,29
634,319,304,2024-05-10,churn,1.0,,29,0
635,320,304,2024-06-10,reactivation,,1.0,0,29
636,321,305,2024-04-17,new,,3.0,0,199
637,322,306,2024-11-03,new,,2.0,0,79
638,323,307,2023-09-14,new,,4.0,0,499
639,323,307,2024-04-14,downgrade,4.0,3.0,499,199
640,323,307,2024-07-14,upgrade,3.0,4.0,199,499
641,324,308,2023-02-01,new,,1.0,0,29
642,324,308,2024-04-01,upgrade,1.0,2.0,29,79
643,325,309,2024-06-22,new,,3.0,0,199
644,325,309,2024-09-22,upgrade,3.0,4.0,199,499
645,325,309,2024-10-22,downgrade,4.0,3.0,499,199
646,326,310,2023-01-01,new,,4.0,0,499
647,327,311,2023-06-25,new,,2.0,0,79
648,327,311,2024-05-25,upgrade,2.0,3.0,79,199
649,328,312,2022-03-21,new,,1.0,0,29
650,328,312,2023-01-21,churn,1.0,,29,0
651,329,313,2022-01-06,new,,1.0,0,29
652,329,313,2023-01-06,upgrade,1.0,2.0,29,79
653,329,313,2023-03-06,downgrade,2.0,1.0,79,29
654,329,313,2023-06-06,upgrade,1.0,2.0,29,79
655,329,313,2024-03-06,churn,2.0,,79,0
656,330,314,2024-11-27,new,,2.0,0,79
657,331,315,2024-07-16,new,,1.0,0,29
658,331,315,2024-10-16,churn,1.0,,29,0
659,332,316,2024-03-11,new,,3.0,0,199
660,332,316,2024-08-11,downgrade,3.0,2.0,199,79
661,333,317,2023-05-11,new,,2.0,0,79
662,333,317,2023-08-11,upgrade,2.0,3.0,79,199
663,334,318,2022-08-10,new,,2.0,0,79
664,334,318,2023-02-10,downgrade,2.0,1.0,79,29
665,335,319,2022-07-18,new,,2.0,0,79
666,335,319,2023-10-18,downgrade,2.0,1.0,79,29
667,335,319,2024-03-18,upgrade,1.0,2.0,29,79
668,336,320,2022-11-11,new,,1.0,0,29
669,336,320,2024-04-11,upgrade,1.0,2.0,29,79
670,337,321,2023-10-25,new,,3.0,0,199
671,337,321,2024-10-25,upgrade,3.0,4.0,199,499
672,338,322,2024-03-27,new,,2.0,0,79
673,339,323,2024-02-18,new,,2.0,0,79
674,339,323,2024-03-18,churn,2.0,,79,0
675,340,324,2023-01-07,new,,3.0,0,199
676,340,324,2023-04-07,upgrade,3.0,4.0,199,499
677,341,325,2024-11-25,new,,1.0,0,29
678,342,326,2024-04-25,new,,2.0,0,79
679,342,326,2024-06-25,churn,2.0,,79,0
680,343,327,2023-10-18,new,,3.0,0,199
681,343,327,2024-08-18,churn,3.0,,199,0
682,344,328,2024-01-15,new,,2.0,0,79
683,345,329,2023-06-21,new,,2.0,0,79
684,345,329,2023-12-21,upgrade,2.0,3.0,79,199
685,346,330,2022-11-23,new,,1.0,0,29
686,346,330,2024-11-23,upgrade,1.0,2.0,29,79
687,347,331,2023-03-01,new,,4.0,0,499
688,348,332,2024-05-08,new,,2.0,0,79
689,348,332,2024-12-08,churn,2.0,,79,0
690,349,333,2022-01-04,new,,4.0,0,499
691,349,333,2023-11-04,downgrade,4.0,3.0,499,199
692,350,334,2022-05-23,new,,1.0,0,29
693,350,334,2022-12-23,churn,1.0,,29,0
694,351,335,2022-02-09,new,,3.0,0,199
695,351,335,2022-03-09,churn,3.0,,199,0
696,352,336,2022-02-16,new,,2.0,0,79
697,352,336,2022-04-16,downgrade,2.0,1.0,79,29
698,352,336,2024-04-16,upgrade,1.0,2.0,29,79
699,353,337,2024-08-05,new,,2.0,0,79
700,354,338,2024-03-20,new,,1.0,0,29
701,355,339,2023-08-05,new,,2.0,0,79
702,355,339,2023-11-05,downgrade,2.0,1.0,79,29
703,356,340,2022-04-26,new,,3.0,0,199
704,356,340,2022-07-26,downgrade,3.0,2.0,199,79
705,356,340,2023-06-26,churn,2.0,,79,0
706,357,340,2023-08-26,reactivation,,2.0,0,79
707,357,340,2024-12-26,downgrade,2.0,1.0,79,29
708,358,341,2023-08-26,new,,3.0,0,199
709,358,341,2024-08-26,upgrade,3.0,4.0,199,499
710,359,342,2023-08-01,new,,2.0,0,79
711,360,343,2022-08-27,new,,1.0,0,29
712,360,343,2024-01-27,upgrade,1.0,2.0,29,79
713,361,344,2023-06-22,new,,3.0,0,199
714,362,345,2023-05-15,new,,2.0,0,79
715,362,345,2023-09-15,churn,2.0,,79,0
716,363,345,2023-11-15,reactivation,,2.0,0,79
717,363,345,2024-11-15,upgrade,2.0,3.0,79,199
718,364,346,2024-01-11,new,,2.0,0,79
719,364,346,2024-04-11,churn,2.0,,79,0
720,365,347,2024-01-13,new,,1.0,0,29
721,365,347,2024-12-13,upgrade,1.0,2.0,29,79
722,366,348,2022-02-28,new,,1.0,0,29
723,366,348,2024-05-28,upgrade,1.0,2.0,29,79
724,367,349,2023-04-08,new,,4.0,0,499
725,367,349,2024-04-08,downgrade,4.0,3.0,499,199
726,368,350,2024-01-28,new,,1.0,0,29
727,369,351,2023-09-24,new,,2.0,0,79
728,370,352,2024-08-26,new,,1.0,0,29
729,370,352,2024-12-26,churn,1.0,,29,0
730,371,353,2024-02-22,new,,2.0,0,79
731,371,353,2024-05-22,churn,2.0,,79,0
732,372,354,2022-08-02,new,,2.0,0,79
733,373,355,2022-03-19,new,,1.0,0,29
734,373,355,2023-08-19,churn,1.0,,29,0
735,374,356,2024-01-28,new,,1.0,0,29
736,375,357,2022-01-15,new,,2.0,0,79
737,375,357,2022-08-15,churn,2.0,,79,0
738,376,358,2023-12-14,new,,3.0,0,199
739,376,358,2024-10-14,upgrade,3.0,4.0,199,499
740,377,359,2024-10-26,new,,1.0,0,29
741,378,360,2023-11-23,new,,3.0,0,199
742,378,360,2024-06-23,downgrade,3.0,2.0,199,79
743,379,361,2023-04-28,new,,3.0,0,199
744,379,361,2023-10-28,downgrade,3.0,2.0,199,79
745,379,361,2023-11-28,churn,2.0,,79,0
746,380,362,2024-01-28,new,,3.0,0,199
747,380,362,2024-08-28,churn,3.0,,199,0
748,381,363,2023-07-11,new,,1.0,0,29
749,381,363,2023-08-11,churn,1.0,,29,0
750,382,363,2023-10-11,reactivation,,1.0,0,29
751,383,364,2023-10-02,new,,2.0,0,79
752,383,364,2024-01-02,downgrade,2.0,1.0,79,29
753,384,365,2024-10-21,new,,3.0,0,199
754,385,366,2023-04-24,new,,2.0,0,79
755,385,366,2024-04-24,upgrade,2.0,3.0,79,199
756,386,367,2024-11-04,new,,2.0,0,79
757,387,368,2024-09-23,new,,2.0,0,79
758,388,369,2022-09-02,new,,2.0,0,79
759,388,369,2022-12-02,downgrade,2.0,1.0,79,29
760,388,369,2024-10-02,upgrade,1.0,2.0,29,79
761,389,370,2022-03-10,new,,2.0,0,79
762,389,370,2022-11-10,churn,2.0,,79,0
763,390,371,2022-05-05,new,,2.0,0,79
764,390,371,2022-12-05,churn,2.0,,79,0
765,391,371,2023-02-05,reactivation,,2.0,0,79
766,391,371,2023-07-05,churn,2.0,,79,0
767,392,372,2022-01-19,new,,2.0,0,79
768,392,372,2022-05-19,churn,2.0,,79,0
769,393,373,2022-04-03,new,,2.0,0,79
770,393,373,2023-01-03,upgrade,2.0,3.0,79,199
771,393,373,2023-05-03,downgrade,3.0,2.0,199,79
772,393,373,2023-09-03,churn,2.0,,79,0
773,394,374,2024-02-20,new,,2.0,0,79
774,394,374,2024-10-20,churn,2.0,,79,0
775,395,375,2022-03-19,new,,2.0,0,79
776,395,375,2022-06-19,churn,2.0,,79,0
777,396,376,2023-02-21,new,,3.0,0,199
778,396,376,2024-03-21,churn,3.0,,199,0
779,397,376,2024-04-21,reactivation,,3.0,0,199
780,397,376,2024-08-21,churn,3.0,,199,0
781,398,377,2024-08-22,new,,1.0,0,29
782,398,377,2024-11-22,churn,1.0,,29,0
783,399,378,2022-01-15,new,,1.0,0,29
784,399,378,2022-08-15,upgrade,1.0,2.0,29,79
785,399,378,2022-09-15,downgrade,2.0,1.0,79,29
786,399,378,2023-04-15,churn,1.0,,29,0
787,400,379,2024-07-06,new,,3.0,0,199
788,400,379,2024-10-06,churn,3.0,,199,0
789,401,379,2024-12-06,reactivation,,3.0,0,199
790,402,380,2023-01-12,new,,3.0,0,199
791,403,381,2022-06-14,new,,1.0,0,29
792,403,381,2023-07-14,churn,1.0,,29,0
793,404,382,2024-03-10,new,,2.0,0,79
794,404,382,2024-08-10,upgrade,2.0,3.0,79,199
795,404,382,2024-09-10,churn,3.0,,199,0
796,405,382,2024-10-10,reactivation,,3.0,0,199
797,406,383,2024-01-28,new,,1.0,0,29
798,406,383,2024-04-28,churn,1.0,,29,0
799,407,384,2024-08-13,new,,2.0,0,79
800,408,385,2024-04-10,new,,2.0,0,79
801,409,386,2024-06-27,new,,2.0,0,79
802,409,386,2024-12-27,churn,2.0,,79,0
803,410,387,2023-01-19,new,,1.0,0,29
804,410,387,2023-09-19,churn,1.0,,29,0
805,411,388,2022-08-24,new,,2.0,0,79
806,411,388,2024-07-24,churn,2.0,,79,0
807,412,389,2024-04-10,new,,1.0,0,29
808,413,390,2024-06-12,new,,1.0,0,29
809,414,391,2024-12-20,new,,2.0,0,79
810,415,392,2023-05-24,new,,4.0,0,499
811,416,393,2023-04-21,new,,3.0,0,199
812,417,394,2024-05-15,new,,4.0,0,499
813,418,395,2023-02-24,new,,2.0,0,79
814,418,395,2023-11-24,upgrade,2.0,3.0,79,199
815,418,395,2023-12-24,upgrade,3.0,4.0,199,499
816,419,396,2024-10-10,new,,1.0,0,29
817,420,397,2024-08-06,new,,1.0,0,29
818,420,397,2024-12-06,churn,1.0,,29,0
819,421,398,2023-06-18,new,,2.0,0,79
820,421,398,2024-02-18,churn,2.0,,79,0
821,422,399,2024-04-09,new,,2.0,0,79
822,422,399,2024-07-09,churn,2.0,,79,0
823,423,400,2024-05-27,new,,2.0,0,79
824,423,400,2024-12-27,churn,2.0,,79,0
825,424,401,2022-05-10,new,,2.0,0,79
826,424,401,2022-06-10,churn,2.0,,79,0
827,425,402,2024-09-15,new,,2.0,0,79
828,426,403,2023-09-08,new,,1.0,0,29
829,426,403,2024-01-08,upgrade,1.0,2.0,29,79
830,426,403,2024-11-08,downgrade,2.0,1.0,79,29
831,427,404,2024-07-26,new,,1.0,0,29
832,428,405,2023-02-26,new,,2.0,0,79
833,428,405,2023-11-26,upgrade,2.0,3.0,79,199
834,429,406,2024-09-18,new,,3.0,0,199
835,430,407,2023-04-22,new,,3.0,0,199
836,430,407,2024-02-22,churn,3.0,,199,0
837,431,407,2024-05-22,reactivation,,3.0,0,199
838,431,407,2024-07-22,churn,3.0,,199,0
839,432,408,2022-01-27,new,,2.0,0,79
840,432,408,2022-02-27,churn,2.0,,79,0
841,433,409,2024-09-08,new,,3.0,0,199
842,433,409,2024-12-08,churn,3.0,,199,0
843,434,410,2022-04-18,new,,1.0,0,29
844,434,410,2022-07-18,upgrade,1.0,2.0,29,79
845,434,410,2023-01-18,upgrade,2.0,3.0,79,199
846,434,410,2023-05-18,upgrade,3.0,4.0,199,499
847,435,411,2023-02-08,new,,2.0,0,79
848,435,411,2024-07-08,churn,2.0,,79,0
849,436,412,2024-10-15,new,,2.0,0,79
850,437,413,2024-10-04,new,,2.0,0,79
851,437,413,2024-12-04,churn,2.0,,79,0
852,438,414,2023-11-02,new,,1.0,0,29
853,438,414,2024-04-02,churn,1.0,,29,0
854,439,415,2024-01-04,new,,2.0,0,79
855,439,415,2024-02-04,churn,2.0,,79,0
856,440,416,2023-07-18,new,,4.0,0,499
857,441,417,2023-01-12,new,,2.0,0,79
858,441,417,2023-12-12,upgrade,2.0,3.0,79,199
859,441,417,2024-06-12,upgrade,3.0,4.0,199,499
860,442,418,2023-02-24,new,,2.0,0,79
861,442,418,2023-05-24,downgrade,2.0,1.0,79,29
862,442,418,2024-04-24,upgrade,1.0,2.0,29,79
863,443,419,2024-02-21,new,,2.0,0,79
864,444,420,2024-05-20,new,,2.0,0,79
865,444,420,2024-07-20,churn,2.0,,79,0
866,445,420,2024-10-20,reactivation,,2.0,0,79
867,446,421,2024-06-09,new,,1.0,0,29
868,447,422,2024-06-07,new,,1.0,0,29
869,447,422,2024-09-07,churn,1.0,,29,0
870,448,423,2022-04-08,new,,3.0,0,199
871,448,423,2022-11-08,downgrade,3.0,2.0,199,79
872,448,423,2023-11-08,upgrade,2.0,3.0,79,199
873,448,423,2023-12-08,downgrade,3.0,2.0,199,79
874,448,423,2024-02-08,upgrade,2.0,3.0,79,199
875,449,424,2023-08-22,new,,2.0,0,79
876,449,424,2023-11-22,churn,2.0,,79,0
877,450,425,2022-02-21,new,,1.0,0,29
878,450,425,2022-06-21,churn,1.0,,29,0
879,451,425,2022-08-21,reactivation,,1.0,0,29
880,451,425,2022-12-21,churn,1.0,,29,0
881,452,425,2023-02-21,reactivation,,1.0,0,29
882,452,425,2023-10-21,churn,1.0,,29,0
883,453,426,2023-10-09,new,,2.0,0,79
884,453,426,2024-01-09,churn,2.0,,79,0
885,454,427,2023-06-28,new,,2.0,0,79
886,454,427,2024-01-28,churn,2.0,,79,0
887,455,428,2024-09-07,new,,3.0,0,199
888,455,428,2024-12-07,downgrade,3.0,2.0,199,79
889,456,429,2023-03-02,new,,2.0,0,79
890,456,429,2024-03-02,upgrade,2.0,3.0,79,199
891,456,429,2024-07-02,downgrade,3.0,2.0,199,79
892,457,430,2022-05-05,new,,3.0,0,199
893,457,430,2024-03-05,upgrade,3.0,4.0,199,499
894,457,430,2024-06-05,downgrade,4.0,3.0,499,199
895,458,431,2022-07-27,new,,3.0,0,199
896,458,431,2024-01-27,downgrade,3.0,2.0,199,79
897,459,432,2024-05-07,new,,1.0,0,29
898,460,433,2024-01-05,new,,3.0,0,199
899,460,433,2024-12-05,upgrade,3.0,4.0,199,499
900,461,434,2022-05-28,new,,3.0,0,199
901,461,434,2023-08-28,upgrade,3.0,4.0,199,499
902,462,435,2022-04-18,new,,2.0,0,79
903,462,435,2022-10-18,upgrade,2.0,3.0,79,199
904,462,435,2023-05-18,upgrade,3.0,4.0,199,499
905,462,435,2023-10-18,downgrade,4.0,3.0,499,199
906,462,435,2024-01-18,upgrade,3.0,4.0,199,499
907,462,435,2024-05-18,churn,4.0,,499,0
908,463,436,2024-03-04,new,,1.0,0,29
909,464,437,2022-03-12,new,,1.0,0,29
910,464,437,2023-09-12,upgrade,1.0,2.0,29,79
911,464,437,2024-05-12,upgrade,2.0,3.0,79,199
912,464,437,2024-06-12,upgrade,3.0,4.0,199,499
913,465,438,2024-07-01,new,,1.0,0,29
914,466,439,2024-03-05,new,,1.0,0,29
915,467,440,2022-04-24,new,,2.0,0,79
916,467,440,2022-08-24,churn,2.0,,79,0
917,468,441,2022-04-25,new,,3.0,0,199
918,468,441,2022-06-25,churn,3.0,,199,0
919,469,441,2022-08-25,reactivation,,2.0,0,79
920,469,441,2023-02-25,upgrade,2.0,3.0,79,199
921,469,441,2024-07-25,downgrade,3.0,2.0,199,79
922,470,442,2024-12-04,new,,1.0,0,29
923,471,443,2023-04-20,new,,1.0,0,29
924,471,443,2024-12-20,churn,1.0,,29,0
925,472,444,2023-04-28,new,,2.0,0,79
926,472,444,2024-11-28,upgrade,2.0,3.0,79,199
927,472,444,2024-12-28,upgrade,3.0,4.0,199,499
928,473,445,2024-07-21,new,,2.0,0,79
929,474,446,2024-10-16,new,,2.0,0,79
930,475,447,2024-12-04,new,,3.0,0,199
931,476,448,2024-05-15,new,,2.0,0,79
932,476,448,2024-07-15,downgrade,2.0,1.0,79,29
933,476,448,2024-09-15,churn,1.0,,29,0
934,477,449,2023-04-11,new,,2.0,0,79
935,477,449,2024-08-11,downgrade,2.0,1.0,79,29
936,478,450,2022-04-05,new,,2.0,0,79
937,478,450,2022-08-05,churn,2.0,,79,0
938,479,451,2024-05-19,new,,2.0,0,79
939,479,451,2024-06-19,churn,2.0,,79,0
940,480,452,2023-10-13,new,,1.0,0,29
941,480,452,2023-12-13,churn,1.0,,29,0
942,481,453,2023-06-15,new,,1.0,0,29
943,481,453,2024-01-15,upgrade,1.0,2.0,29,79
944,482,454,2024-09-04,new,,4.0,0,499
945,483,455,2022-05-21,new,,2.0,0,79
946,483,455,2022-09-21,churn,2.0,,79,0
947,484,456,2023-08-07,new,,2.0,0,79
948,484,456,2024-06-07,upgrade,2.0,3.0,79,199
949,485,457,2022-01-08,new,,1.0,0,29
950,485,457,2022-12-08,upgrade,1.0,2.0,29,79
951,485,457,2023-07-08,downgrade,2.0,1.0,79,29
952,485,457,2024-01-08,churn,1.0,,29,0
953,486,458,2023-08-15,new,,4.0,0,499
954,487,459,2022-02-04,new,,4.0,0,499
955,487,459,2024-05-04,downgrade,4.0,3.0,499,199
956,487,459,2024-10-04,upgrade,3.0,4.0,199,499
957,488,460,2022-06-22,new,,3.0,0,199
958,488,460,2024-02-22,churn,3.0,,199,0
959,489,461,2022-05-05,new,,2.0,0,79
960,489,461,2023-01-05,churn,2.0,,79,0
961,490,462,2024-02-27,new,,1.0,0,29
962,491,463,2024-04-04,new,,1.0,0,29
963,491,463,2024-09-04,churn,1.0,,29,0
964,492,464,2023-12-18,new,,2.0,0,79
965,493,465,2024-11-18,new,,3.0,0,199
966,494,466,2023-04-04,new,,2.0,0,79
967,494,466,2024-04-04,downgrade,2.0,1.0,79,29
968,494,466,2024-05-04,upgrade,1.0,2.0,29,79
969,495,467,2023-01-22,new,,1.0,0,29
970,495,467,2023-02-22,churn,1.0,,29,0
971,496,468,2024-08-24,new,,2.0,0,79
972,497,469,2022-10-20,new,,3.0,0,199
973,497,469,2023-02-20,churn,3.0,,199,0
974,498,470,2024-11-19,new,,1.0,0,29
975,499,471,2022-01-22,new,,1.0,0,29
976,499,471,2022-02-22,churn,1.0,,29,0
977,500,472,2024-11-04,new,,1.0,0,29
978,501,473,2022-02-12,new,,3.0,0,199
979,501,473,2022-04-12,churn,3.0,,199,0
980,502,474,2024-09-19,new,,2.0,0,79
981,503,475,2023-09-28,new,,2.0,0,79
982,504,476,2024-12-27,new,,2.0,0,79
983,505,477,2022-03-21,new,,2.0,0,79
984,505,477,2023-05-21,upgrade,2.0,3.0,79,199
985,506,478,2023-10-22,new,,1.0,0,29
986,506,478,2024-02-22,churn,1.0,,29,0
987,507,478,2024-05-22,reactivation,,1.0,0,29
988,507,478,2024-09-22,churn,1.0,,29,0
989,508,479,2024-11-09,new,,1.0,0,29
990,509,480,2023-09-12,new,,2.0,0,79
991,509,480,2023-10-12,churn,2.0,,79,0
992,510,481,2024-01-05,new,,3.0,0,199
993,510,481,2024-11-05,upgrade,3.0,4.0,199,499
994,511,482,2024-03-03,new,,1.0,0,29
995,511,482,2024-11-03,churn,1.0,,29,0
996,512,483,2023-07-01,new,,2.0,0,79
997,512,483,2023-11-01,upgrade,2.0,3.0,79,199
998,512,483,2024-03-01,upgrade,3.0,4.0,199,499
999,512,483,2024-08-01,downgrade,4.0,3.0,499,199
1000,513,484,2024-01-07,new,,4.0,0,499
1001,514,485,2023-12-11,new,,3.0,0,199
1002,514,485,2024-06-11,downgrade,3.0,2.0,199,79
1003,514,485,2024-08-11,upgrade,2.0,3.0,79,199
1004,515,486,2024-09-24,new,,2.0,0,79
1005,516,487,2022-02-19,new,,3.0,0,199
1006,516,487,2022-04-19,churn,3.0,,199,0
1007,517,487,2022-05-19,reactivation,,3.0,0,199
1008,517,487,2022-08-19,churn,3.0,,199,0
1009,518,488,2023-01-02,new,,3.0,0,199
1010,518,488,2023-07-02,upgrade,3.0,4.0,199,499
1011,518,488,2024-11-02,downgrade,4.0,3.0,499,199
1012,519,489,2024-10-20,new,,1.0,0,29
1013,520,490,2024-09-09,new,,3.0,0,199
1014,521,491,2023-07-16,new,,2.0,0,79
1015,521,491,2023-10-16,upgrade,2.0,3.0,79,199
1016,521,491,2024-03-16,upgrade,3.0,4.0,199,499
1017,521,491,2024-09-16,churn,4.0,,499,0
1018,522,492,2024-01-09,new,,4.0,0,499
1019,523,493,2023-01-04,new,,1.0,0,29
1020,523,493,2023-04-04,churn,1.0,,29,0
1021,524,494,2022-09-10,new,,1.0,0,29
1022,524,494,2022-10-10,churn,1.0,,29,0
1023,525,495,2023-07-22,new,,1.0,0,29
1024,525,495,2024-03-22,churn,1.0,,29,0
1025,526,496,2023-03-13,new,,3.0,0,199
1026,526,496,2023-06-13,upgrade,3.0,4.0,199,499
1027,527,497,2023-12-07,new,,3.0,0,199
1028,527,497,2024-07-07,churn,3.0,,199,0
1029,528,498,2022-03-25,new,,3.0,0,199
1030,528,498,2022-05-25,churn,3.0,,199,0
1031,529,499,2024-11-10,new,,2.0,0,79
1032,530,500,2024-12-16,new,,3.0,0,199
1033,531,501,2024-03-13,new,,3.0,0,199
1034,531,501,2024-12-13,upgrade,3.0,4.0,199,499
1035,532,502,2023-09-17,new,,2.0,0,79
1036,532,502,2024-01-17,churn,2.0,,79,0
1037,533,503,2023-02-26,new,,2.0,0,79
1038,533,503,2024-01-26,upgrade,2.0,3.0,79,199
1039,534,504,2024-07-28,new,,3.0,0,199
1040,535,505,2024-02-15,new,,2.0,0,79
1041,535,505,2024-04-15,churn,2.0,,79,0
1042,536,506,2022-08-19,new,,2.0,0,79
1043,536,506,2022-11-19,churn,2.0,,79,0
1044,537,507,2024-09-23,new,,3.0,0,199
1045,538,508,2024-07-13,new,,1.0,0,29
1046,538,508,2024-10-13,churn,1.0,,29,0
1047,539,509,2024-10-06,new,,2.0,0,79
1048,540,510,2024-04-23,new,,3.0,0,199
1049,541,511,2024-01-28,new,,3.0,0,199
1050,542,512,2023-06-19,new,,2.0,0,79
1051,542,512,2024-02-19,upgrade,2.0,3.0,79,199
1052,542,512,2024-08-19,upgrade,3.0,4.0,199,499
1053,543,513,2024-10-13,new,,2.0,0,79
1054,544,514,2024-08-08,new,,2.0,0,79
1055,544,514,2024-11-08,upgrade,2.0,3.0,79,199
1056,545,515,2022-02-03,new,,3.0,0,199
1057,545,515,2022-06-03,churn,3.0,,199,0
1058,546,516,2022-01-17,new,,2.0,0,79
1059,546,516,2023-02-17,churn,2.0,,79,0
1060,547,517,2023-04-25,new,,2.0,0,79
1061,547,517,2023-09-25,upgrade,2.0,3.0,79,199
1062,547,517,2024-01-25,upgrade,3.0,4.0,199,499
1063,548,518,2024-06-27,new,,2.0,0,79
1064,549,519,2024-12-05,new,,3.0,0,199
1065,550,520,2022-07-20,new,,2.0,0,79
1066,550,520,2023-02-20,upgrade,2.0,3.0,79,199
1067,550,520,2023-07-20,upgrade,3.0,4.0,199,499
1068,550,520,2024-02-20,downgrade,4.0,3.0,499,199
1069,550,520,2024-12-20,churn,3.0,,199,0
1070,551,521,2023-12-21,new,,3.0,0,199
1071,551,521,2024-11-21,upgrade,3.0,4.0,199,499
1072,552,522,2023-04-25,new,,2.0,0,79
1073,552,522,2024-03-25,downgrade,2.0,1.0,79,29
1074,552,522,2024-05-25,churn,1.0,,29,0
1075,553,523,2024-11-19,new,,2.0,0,79
1076,554,524,2024-08-19,new,,1.0,0,29
1077,555,525,2024-07-21,new,,2.0,0,79
1078,555,525,2024-09-21,churn,2.0,,79,0
1079,556,525,2024-11-21,reactivation,,1.0,0,29
1080,557,526,2023-08-03,new,,1.0,0,29
1081,557,526,2023-09-03,churn,1.0,,29,0
1082,558,527,2023-05-10,new,,3.0,0,199
1083,558,527,2024-01-10,churn,3.0,,199,0
1084,559,528,2023-01-12,new,,4.0,0,499
1085,559,528,2023-04-12,churn,4.0,,499,0
1086,560,529,2022-02-15,new,,1.0,0,29
1087,560,529,2022-07-15,churn,1.0,,29,0
1088,561,530,2024-08-12,new,,3.0,0,199
1089,562,531,2024-07-28,new,,3.0,0,199
1090,562,531,2024-09-28,downgrade,3.0,2.0,199,79
1091,563,532,2024-12-17,new,,2.0,0,79
1092,564,533,2024-12-18,new,,2.0,0,79
1093,565,534,2023-10-26,new,,1.0,0,29
1094,565,534,2024-04-26,upgrade,1.0,2.0,29,79
1095,566,535,2024-05-11,new,,4.0,0,499
1096,567,536,2024-10-05,new,,4.0,0,499
1097,568,537,2024-08-26,new,,4.0,0,499
1098,569,538,2022-11-03,new,,1.0,0,29
1099,569,538,2022-12-03,churn,1.0,,29,0
1100,570,539,2023-07-02,new,,3.0,0,199
1101,570,539,2024-06-02,churn,3.0,,199,0
1102,571,540,2022-06-15,new,,1.0,0,29
1103,571,540,2022-09-15,churn,1.0,,29,0
1104,572,541,2024-10-06,new,,4.0,0,499
1105,573,542,2024-01-10,new,,3.0,0,199
1106,573,542,2024-12-10,downgrade,3.0,2.0,199,79
1107,574,543,2022-10-11,new,,1.0,0,29
1108,574,543,2023-02-11,churn,1.0,,29,0
1109,575,543,2023-04-11,reactivation,,1.0,0,29
1110,575,543,2023-12-11,upgrade,1.0,2.0,29,79
1111,575,543,2024-03-11,churn,2.0,,79,0
1112,576,544,2024-02-21,new,,1.0,0,29
1113,576,544,2024-05-21,churn,1.0,,29,0
1114,577,545,2024-01-04,new,,3.0,0,199
1115,578,546,2023-03-10,new,,2.0,0,79
1116,578,546,2023-11-10,upgrade,2.0,3.0,79,199
1117,579,547,2022-05-22,new,,3.0,0,199
1118,579,547,2022-10-22,upgrade,3.0,4.0,199,499
1119,579,547,2023-07-22,churn,4.0,,499,0
1120,580,547,2023-08-22,reactivation,,3.0,0,199
1121,580,547,2023-11-22,downgrade,3.0,2.0,199,79
1122,581,548,2024-02-11,new,,1.0,0,29
1123,581,548,2024-06-11,churn,1.0,,29,0
1124,582,549,2023-09-05,new,,1.0,0,29
1125,582,549,2024-11-05,churn,1.0,,29,0
1126,583,550,2024-05-21,new,,2.0,0,79
1127,583,550,2024-09-21,churn,2.0,,79,0
1128,584,551,2023-09-23,new,,1.0,0,29
1129,584,551,2024-05-23,churn,1.0,,29,0
1130,585,552,2024-08-13,new,,2.0,0,79
1131,585,552,2024-12-13,churn,2.0,,79,0
1132,586,553,2023-10-22,new,,2.0,0,79
1133,586,553,2024-02-22,churn,2.0,,79,0
1134,587,554,2023-10-22,new,,4.0,0,499
1135,587,554,2024-06-22,churn,4.0,,499,0
1136,588,555,2024-08-01,new,,2.0,0,79
1137,589,556,2023-05-07,new,,4.0,0,499
1138,589,556,2024-10-07,downgrade,4.0,3.0,499,199
1139,590,557,2022-06-16,new,,1.0,0,29
1140,590,557,2022-09-16,churn,1.0,,29,0
1141,591,558,2022-01-05,new,,3.0,0,199
1142,591,558,2022-11-05,upgrade,3.0,4.0,199,499
1143,591,558,2024-12-05,downgrade,4.0,3.0,499,199
1144,592,559,2024-05-28,new,,1.0,0,29
1145,592,559,2024-07-28,churn,1.0,,29,0
1146,593,560,2024-01-18,new,,2.0,0,79
1147,594,561,2024-03-11,new,,1.0,0,29
1148,595,562,2022-09-13,new,,3.0,0,199
1149,595,562,2023-12-13,upgrade,3.0,4.0,199,499
1150,596,563,2022-06-27,new,,2.0,0,79
1151,597,564,2022-01-06,new,,3.0,0,199
1152,597,564,2023-01-06,churn,3.0,,199,0
1153,598,565,2023-03-12,new,,2.0,0,79
1154,599,566,2023-12-20,new,,1.0,0,29
1155,599,566,2024-05-20,churn,1.0,,29,0
1156,600,567,2023-04-26,new,,4.0,0,499
1157,600,567,2024-12-26,downgrade,4.0,3.0,499,199
1158,601,568,2023-06-08,new,,2.0,0,79
1159,602,569,2024-09-26,new,,2.0,0,79
1160,603,570,2023-03-07,new,,1.0,0,29
1161,603,570,2024-12-07,upgrade,1.0,2.0,29,79
1162,604,571,2023-09-19,new,,2.0,0,79
1163,604,571,2023-12-19,churn,2.0,,79,0
1164,605,572,2024-06-10,new,,2.0,0,79
1165,606,573,2023-05-14,new,,3.0,0,199
1166,606,573,2023-08-14,downgrade,3.0,2.0,199,79
1167,606,573,2023-12-14,upgrade,2.0,3.0,79,199
1168,606,573,2024-02-14,upgrade,3.0,4.0,199,499
1169,607,574,2024-01-26,new,,2.0,0,79
1170,607,574,2024-05-26,churn,2.0,,79,0
1171,608,575,2024-08-09,new,,2.0,0,79
1172,609,576,2024-10-28,new,,3.0,0,199
1173,610,577,2022-07-04,new,,1.0,0,29
1174,610,577,2023-01-04,upgrade,1.0,2.0,29,79
1175,610,577,2023-06-04,churn,2.0,,79,0
1176,611,578,2024-10-10,new,,2.0,0,79
1177,612,579,2023-08-09,new,,2.0,0,79
1178,612,579,2024-01-09,upgrade,2.0,3.0,79,199
1179,612,579,2024-02-09,upgrade,3.0,4.0,199,499
1180,613,580,2022-12-05,new,,3.0,0,199
1181,613,580,2024-11-05,churn,3.0,,199,0
1182,614,581,2023-07-08,new,,2.0,0,79
1183,615,582,2024-12-01,new,,1.0,0,29
1184,616,583,2023-08-17,new,,2.0,0,79
1185,616,583,2024-05-17,churn,2.0,,79,0
1186,617,584,2023-02-03,new,,2.0,0,79
1187,617,584,2023-06-03,upgrade,2.0,3.0,79,199
1188,618,585,2024-01-11,new,,2.0,0,79
1189,618,585,2024-03-11,churn,2.0,,79,0
1190,619,586,2022-11-21,new,,1.0,0,29
1191,619,586,2023-05-21,churn,1.0,,29,0
1192,620,587,2022-03-05,new,,1.0,0,29
1193,620,587,2022-07-05,upgrade,1.0,2.0,29,79
1194,620,587,2022-11-05,downgrade,2.0,1.0,79,29
1195,620,587,2023-12-05,upgrade,1.0,2.0,29,79
1196,621,588,2022-06-27,new,,2.0,0,79
1197,621,588,2023-10-27,upgrade,2.0,3.0,79,199
1198,621,588,2024-01-27,churn,3.0,,199,0
1199,622,589,2022-06-05,new,,2.0,0,79
1200,622,589,2022-09-05,upgrade,2.0,3.0,79,199
1201,623,590,2022-07-01,new,,2.0,0,79
1202,623,590,2022-12-01,upgrade,2.0,3.0,79,199
1203,623,590,2023-04-01,churn,3.0,,199,0
1204,624,591,2022-07-07,new,,1.0,0,29
1205,624,591,2023-08-07,upgrade,1.0,2.0,29,79
1206,624,591,2024-06-07,upgrade,2.0,3.0,79,199
1207,624,591,2024-08-07,downgrade,3.0,2.0,199,79
1208,624,591,2024-09-07,churn,2.0,,79,0
1209,625,592,2024-01-24,new,,3.0,0,199
1210,625,592,2024-04-24,upgrade,3.0,4.0,199,499
1211,626,593,2022-08-04,new,,2.0,0,79
1212,626,593,2024-03-04,churn,2.0,,79,0
1213,627,594,2023-03-04,new,,2.0,0,79
1214,627,594,2023-07-04,churn,2.0,,79,0
1215,628,595,2024-09-21,new,,2.0,0,79
1216,629,596,2023-08-04,new,,2.0,0,79
1217,629,596,2024-09-04,downgrade,2.0,1.0,79,29
1218,629,596,2024-12-04,churn,1.0,,29,0
1219,630,597,2024-02-01,new,,2.0,0,79
1220,631,598,2022-08-23,new,,4.0,0,499
1221,631,598,2024-01-23,downgrade,4.0,3.0,499,199
1222,631,598,2024-03-23,upgrade,3.0,4.0,199,499
1223,632,599,2022-09-01,new,,2.0,0,79
1224,632,599,2023-01-01,upgrade,2.0,3.0,79,199
1225,632,599,2023-07-01,churn,3.0,,199,0
1226,633,599,2023-09-01,reactivation,,2.0,0,79
1227,633,599,2024-11-01,churn,2.0,,79,0
1228,634,600,2022-02-19,new,,4.0,0,499
1229,634,600,2023-04-19,downgrade,4.0,3.0,499,199
1230,635,601,2022-08-22,new,,2.0,0,79
1231,635,601,2022-09-22,churn,2.0,,79,0
1232,636,602,2023-01-12,new,,2.0,0,79
1233,636,602,2023-02-12,churn,2.0,,79,0
1234,637,603,2022-08-18,new,,2.0,0,79
1235,637,603,2024-06-18,upgrade,2.0,3.0,79,199
1236,637,603,2024-08-18,upgrade,3.0,4.0,199,499
1237,638,604,2022-04-17,new,,1.0,0,29
1238,638,604,2023-06-17,upgrade,1.0,2.0,29,79
1239,638,604,2024-05-17,upgrade,2.0,3.0,79,199
1240,638,604,2024-10-17,churn,3.0,,199,0
1241,639,605,2022-06-28,new,,3.0,0,199
1242,639,605,2023-03-28,downgrade,3.0,2.0,199,79
1243,639,605,2024-08-28,churn,2.0,,79,0
1244,640,606,2023-07-13,new,,2.0,0,79
1245,640,606,2024-05-13,upgrade,2.0,3.0,79,199
1246,641,607,2022-09-01,new,,3.0,0,199
1247,641,607,2022-12-01,churn,3.0,,199,0
1248,642,608,2023-03-12,new,,1.0,0,29
1249,642,608,2023-06-12,churn,1.0,,29,0
1250,643,609,2023-09-21,new,,1.0,0,29
1251,643,609,2024-06-21,churn,1.0,,29,0
1252,644,610,2024-02-24,new,,3.0,0,199
1253,645,611,2022-02-12,new,,1.0,0,29
1254,645,611,2022-06-12,churn,1.0,,29,0
1255,646,611,2022-08-12,reactivation,,1.0,0,29
1256,646,611,2022-11-12,upgrade,1.0,2.0,29,79
1257,646,611,2023-10-12,upgrade,2.0,3.0,79,199
1258,646,611,2024-02-12,churn,3.0,,199,0
1259,647,612,2024-06-21,new,,1.0,0,29
1260,647,612,2024-07-21,churn,1.0,,29,0
1261,648,613,2024-01-22,new,,2.0,0,79
1262,649,614,2022-04-16,new,,1.0,0,29
1263,649,614,2022-09-16,upgrade,1.0,2.0,29,79
1264,649,614,2023-05-16,downgrade,2.0,1.0,79,29
1265,649,614,2023-10-16,churn,1.0,,29,0
1266,650,615,2024-08-03,new,,2.0,0,79
1267,651,616,2024-09-07,new,,2.0,0,79
1268,651,616,2024-12-07,upgrade,2.0,3.0,79,199
1269,652,617,2022-03-02,new,,3.0,0,199
1270,652,617,2022-08-02,downgrade,3.0,2.0,199,79
1271,652,617,2023-01-02,churn,2.0,,79,0
1272,653,618,2023-01-17,new,,1.0,0,29
1273,653,618,2024-03-17,churn,1.0,,29,0
1274,654,619,2024-06-18,new,,1.0,0,29
1275,654,619,2024-10-18,churn,1.0,,29,0
1276,655,619,2024-11-18,reactivation,,1.0,0,29
1277,656,620,2024-04-25,new,,2.0,0,79
1278,656,620,2024-12-25,upgrade,2.0,3.0,79,199
1279,657,621,2022-08-28,new,,1.0,0,29
1280,657,621,2023-05-28,upgrade,1.0,2.0,29,79
1281,657,621,2024-06-28,churn,2.0,,79,0
1282,658,621,2024-09-28,reactivation,,2.0,0,79
1283,659,622,2022-09-11,new,,1.0,0,29
1284,659,622,2023-02-11,upgrade,1.0,2.0,29,79
1285,659,622,2023-12-11,upgrade,2.0,3.0,79,199
1286,659,622,2024-09-11,downgrade,3.0,2.0,199,79
1287,659,622,2024-11-11,upgrade,2.0,3.0,79,199
1288,660,623,2023-04-12,new,,1.0,0,29
1289,660,623,2023-09-12,churn,1.0,,29,0
1290,661,623,2023-12-12,reactivation,,1.0,0,29
1291,662,624,2023-08-24,new,,2.0,0,79
1292,662,624,2023-11-24,downgrade,2.0,1.0,79,29
1293,662,624,2024-07-24,churn,1.0,,29,0
1294,663,625,2024-01-13,new,,3.0,0,199
1295,663,625,2024-03-13,churn,3.0,,199,0
1296,664,626,2023-04-16,new,,1.0,0,29
1297,664,626,2023-05-16,churn,1.0,,29,0
1298,665,627,2023-07-26,new,,1.0,0,29
1299,665,627,2023-08-26,churn,1.0,,29,0
1300,666,628,2024-04-03,new,,2.0,0,79
1301,666,628,2024-06-03,churn,2.0,,79,0
1302,667,629,2022-02-20,new,,3.0,0,199
1303,667,629,2023-02-20,upgrade,3.0,4.0,199,499
1304,667,629,2023-04-20,churn,4.0,,499,0
1305,668,630,2022-11-11,new,,3.0,0,199
1306,669,631,2024-03-22,new,,2.0,0,79
1307,669,631,2024-08-22,downgrade,2.0,1.0,79,29
1308,670,632,2024-09-20,new,,3.0,0,199
1309,671,633,2023-09-15,new,,3.0,0,199
1310,671,633,2023-10-15,churn,3.0,,199,0
1311,672,634,2023-09-24,new,,3.0,0,199
1312,672,634,2024-04-24,churn,3.0,,199,0
1313,673,635,2022-05-14,new,,2.0,0,79
1314,673,635,2022-09-14,churn,2.0,,79,0
1315,674,636,2023-07-26,new,,1.0,0,29
1316,674,636,2023-11-26,churn,1.0,,29,0
1317,675,636,2024-01-26,reactivation,,1.0,0,29
1318,675,636,2024-02-26,churn,1.0,,29,0
1319,676,637,2023-09-21,new,,4.0,0,499
1320,677,638,2022-11-26,new,,1.0,0,29
1321,677,638,2023-03-26,churn,1.0,,29,0
1322,678,639,2023-01-05,new,,1.0,0,29
1323,678,639,2024-08-05,upgrade,1.0,2.0,29,79
1324,679,640,2023-04-15,new,,2.0,0,79
1325,679,640,2024-02-15,upgrade,2.0,3.0,79,199
1326,679,640,2024-05-15,churn,3.0,,199,0
1327,680,641,2022-01-08,new,,1.0,0,29
1328,680,641,2022-10-08,upgrade,1.0,2.0,29,79
1329,680,641,2022-12-08,downgrade,2.0,1.0,79,29
1330,680,641,2023-01-08,upgrade,1.0,2.0,29,79
1331,680,641,2023-07-08,upgrade,2.0,3.0,79,199
1332,680,641,2023-08-08,churn,3.0,,199,0
1333,681,641,2023-10-08,reactivation,,3.0,0,199
1334,681,641,2024-10-08,downgrade,3.0,2.0,199,79
1335,682,642,2023-02-19,new,,3.0,0,199
1336,682,642,2023-04-19,churn,3.0,,199,0
1337,683,642,2023-05-19,reactivation,,2.0,0,79
1338,683,642,2023-12-19,churn,2.0,,79,0
1339,684,643,2022-09-22,new,,2.0,0,79
1340,684,643,2023-01-22,churn,2.0,,79,0
1341,685,644,2023-02-12,new,,2.0,0,79
1342,685,644,2023-07-12,downgrade,2.0,1.0,79,29
1343,685,644,2024-06-12,upgrade,1.0,2.0,29,79
1344,686,645,2022-06-19,new,,4.0,0,499
1345,686,645,2022-09-19,downgrade,4.0,3.0,499,199
1346,686,645,2023-02-19,upgrade,3.0,4.0,199,499
1347,687,646,2024-09-13,new,,2.0,0,79
1348,688,647,2023-12-08,new,,1.0,0,29
1349,689,648,2024-02-06,new,,1.0,0,29
1350,689,648,2024-07-06,churn,1.0,,29,0
1351,690,649,2024-06-18,new,,2.0,0,79
1352,690,649,2024-09-18,churn,2.0,,79,0
1353,691,650,2023-08-09,new,,2.0,0,79
1354,691,650,2024-09-09,upgrade,2.0,3.0,79,199
1355,691,650,2024-11-09,upgrade,3.0,4.0,199,499
1356,692,651,2022-04-20,new,,3.0,0,199
1357,692,651,2022-06-20,churn,3.0,,199,0
1358,693,651,2022-07-20,reactivation,,3.0,0,199
1359,693,651,2022-11-20,churn,3.0,,199,0
1360,694,652,2023-10-16,new,,3.0,0,199
1361,695,653,2023-12-28,new,,1.0,0,29
1362,695,653,2024-04-28,churn,1.0,,29,0
1363,696,654,2024-04-23,new,,3.0,0,199
1364,697,655,2023-06-26,new,,2.0,0,79
1365,697,655,2023-08-26,downgrade,2.0,1.0,79,29
1366,697,655,2024-10-26,churn,1.0,,29,0
1367,698,656,2022-06-23,new,,1.0,0,29
1368,698,656,2022-09-23,churn,1.0,,29,0
1369,699,657,2023-01-10,new,,2.0,0,79
1370,699,657,2023-06-10,upgrade,2.0,3.0,79,199
1371,699,657,2023-09-10,upgrade,3.0,4.0,199,499
1372,699,657,2024-08-10,downgrade,4.0,3.0,499,199
1373,700,658,2023-03-23,new,,1.0,0,29
1374,700,658,2024-12-23,churn,1.0,,29,0
1375,701,659,2024-01-17,new,,2.0,0,79
1376,702,660,2023-11-07,new,,3.0,0,199
1377,702,660,2024-02-07,churn,3.0,,199,0
1378,703,661,2023-03-16,new,,2.0,0,79
1379,703,661,2023-04-16,churn,2.0,,79,0
1380,704,662,2024-12-19,new,,1.0,0,29
1381,705,663,2024-01-18,new,,3.0,0,199
1382,705,663,2024-06-18,downgrade,3.0,2.0,199,79
1383,706,664,2022-11-03,new,,1.0,0,29
1384,706,664,2023-03-03,churn,1.0,,29,0
1385,707,665,2022-05-23,new,,2.0,0,79
1386,707,665,2022-09-23,churn,2.0,,79,0
1387,708,666,2022-07-25,new,,2.0,0,79
1388,708,666,2023-03-25,churn,2.0,,79,0
1389,709,667,2022-11-03,new,,1.0,0,29
1390,709,667,2023-02-03,upgrade,1.0,2.0,29,79
1391,709,667,2024-06-03,upgrade,2.0,3.0,79,199
1392,709,667,2024-10-03,downgrade,3.0,2.0,199,79
1393,710,668,2022-08-21,new,,2.0,0,79
1394,710,668,2023-10-21,downgrade,2.0,1.0,79,29
1395,710,668,2024-09-21,upgrade,1.0,2.0,29,79
1396,711,669,2022-08-22,new,,3.0,0,199
1397,711,669,2024-02-22,downgrade,3.0,2.0,199,79
1398,712,670,2023-01-27,new,,2.0,0,79
1399,712,670,2023-05-27,upgrade,2.0,3.0,79,199
1400,712,670,2023-07-27,upgrade,3.0,4.0,199,499
1401,712,670,2023-10-27,downgrade,4.0,3.0,499,199
1402,712,670,2024-05-27,upgrade,3.0,4.0,199,499
1403,713,671,2022-08-06,new,,4.0,0,499
1404,713,671,2022-11-06,downgrade,4.0,3.0,499,199
1405,713,671,2023-09-06,upgrade,3.0,4.0,199,499
1406,713,671,2024-07-06,downgrade,4.0,3.0,499,199
1407,713,671,2024-08-06,downgrade,3.0,2.0,199,79
1408,714,672,2024-09-28,new,,2.0,0,79
1409,714,672,2024-12-28,downgrade,2.0,1.0,79,29
1410,715,673,2022-04-17,new,,1.0,0,29
1411,715,673,2022-10-17,churn,1.0,,29,0
1412,716,673,2022-11-17,reactivation,,1.0,0,29
1413,716,673,2023-06-17,upgrade,1.0,2.0,29,79
1414,717,674,2023-09-06,new,,1.0,0,29
1415,717,674,2023-12-06,churn,1.0,,29,0
1416,718,675,2023-05-08,new,,1.0,0,29
1417,718,675,2024-09-08,upgrade,1.0,2.0,29,79
1418,719,676,2024-12-17,new,,1.0,0,29
1419,720,677,2022-05-09,new,,4.0,0,499
1420,721,678,2023-05-18,new,,4.0,0,499
1421,721,678,2024-04-18,churn,4.0,,499,0
1422,722,679,2024-11-10,new,,4.0,0,499
1423,723,680,2024-08-17,new,,1.0,0,29
1424,723,680,2024-11-17,churn,1.0,,29,0
1425,724,681,2024-07-19,new,,2.0,0,79
1426,724,681,2024-09-19,downgrade,2.0,1.0,79,29
1427,725,682,2022-12-20,new,,1.0,0,29
1428,725,682,2023-01-20,churn,1.0,,29,0
1429,726,683,2022-08-19,new,,2.0,0,79
1430,726,683,2022-12-19,churn,2.0,,79,0
1431,727,684,2024-02-01,new,,2.0,0,79
1432,727,684,2024-04-01,churn,2.0,,79,0
1433,728,685,2024-10-21,new,,1.0,0,29
1434,729,686,2023-10-07,new,,1.0,0,29
1435,729,686,2024-01-07,churn,1.0,,29,0
1436,730,687,2023-11-21,new,,2.0,0,79
1437,730,687,2024-10-21,upgrade,2.0,3.0,79,199
1438,730,687,2024-12-21,churn,3.0,,199,0
1439,731,688,2023-01-21,new,,3.0,0,199
1440,731,688,2023-08-21,churn,3.0,,199,0
1441,732,689,2024-05-10,new,,3.0,0,199
1442,732,689,2024-06-10,churn,3.0,,199,0
1443,733,690,2022-09-26,new,,3.0,0,199
1444,733,690,2022-11-26,downgrade,3.0,2.0,199,79
1445,733,690,2023-02-26,churn,2.0,,79,0
1446,734,691,2023-02-03,new,,2.0,0,79
1447,734,691,2023-05-03,churn,2.0,,79,0
1448,735,692,2023-06-14,new,,3.0,0,199
1449,735,692,2024-05-14,upgrade,3.0,4.0,199,499
1450,736,693,2023-09-11,new,,3.0,0,199
1451,736,693,2023-12-11,churn,3.0,,199,0
1452,737,694,2022-11-28,new,,3.0,0,199
1453,737,694,2023-03-28,churn,3.0,,199,0
1454,738,695,2022-05-28,new,,2.0,0,79
1455,738,695,2022-11-28,churn,2.0,,79,0
1456,739,696,2024-01-05,new,,1.0,0,29
1457,739,696,2024-05-05,churn,1.0,,29,0
1458,740,697,2023-01-04,new,,3.0,0,199
1459,740,697,2023-04-04,churn,3.0,,199,0
1460,741,698,2023-11-04,new,,1.0,0,29
1461,742,699,2022-07-05,new,,2.0,0,79
1462,742,699,2022-11-05,churn,2.0,,79,0
1463,743,700,2023-08-13,new,,2.0,0,79
1464,743,700,2023-09-13,churn,2.0,,79,0
1465,744,700,2023-12-13,reactivation,,2.0,0,79
1466,744,700,2024-04-13,churn,2.0,,79,0
1467,745,701,2023-09-28,new,,1.0,0,29
1468,745,701,2024-01-28,churn,1.0,,29,0
1469,746,702,2022-02-19,new,,1.0,0,29
1470,746,702,2022-10-19,churn,1.0,,29,0
1471,747,703,2023-02-06,new,,2.0,0,79
1472,747,703,2023-03-06,churn,2.0,,79,0
1473,748,704,2022-06-15,new,,2.0,0,79
1474,748,704,2023-07-15,upgrade,2.0,3.0,79,199
1475,748,704,2023-11-15,churn,3.0,,199,0
1476,749,705,2022-03-16,new,,2.0,0,79
1477,749,705,2023-02-16,upgrade,2.0,3.0,79,199
1478,750,706,2024-12-13,new,,2.0,0,79
1479,751,707,2023-02-08,new,,3.0,0,199
1480,751,707,2023-09-08,churn,3.0,,199,0
1481,752,707,2023-12-08,reactivation,,3.0,0,199
1482,752,707,2024-06-08,churn,3.0,,199,0
1483,753,708,2024-06-02,new,,2.0,0,79
1484,753,708,2024-12-02,downgrade,2.0,1.0,79,29
1485,754,709,2022-12-20,new,,3.0,0,199
1486,754,709,2023-07-20,upgrade,3.0,4.0,199,499
1487,754,709,2023-10-20,downgrade,4.0,3.0,499,199
1488,754,709,2023-11-20,upgrade,3.0,4.0,199,499
1489,755,710,2024-02-01,new,,1.0,0,29
1490,756,711,2024-05-09,new,,2.0,0,79
1491,757,712,2023-12-12,new,,2.0,0,79
1492,757,712,2024-09-12,downgrade,2.0,1.0,79,29
1493,758,713,2023-08-19,new,,1.0,0,29
1494,758,713,2024-08-19,upgrade,1.0,2.0,29,79
1495,758,713,2024-10-19,upgrade,2.0,3.0,79,199
1496,759,714,2023-05-18,new,,2.0,0,79
1497,759,714,2023-12-18,churn,2.0,,79,0
1498,760,715,2023-03-17,new,,3.0,0,199
1499,760,715,2024-02-17,churn,3.0,,199,0
1500,761,715,2024-05-17,reactivation,,3.0,0,199
1501,761,715,2024-09-17,churn,3.0,,199,0
1502,762,716,2024-10-09,new,,1.0,0,29
1503,763,717,2024-07-04,new,,1.0,0,29
1504,763,717,2024-09-04,churn,1.0,,29,0
1505,764,718,2024-11-13,new,,2.0,0,79
1506,765,719,2022-06-11,new,,1.0,0,29
1507,765,719,2023-01-11,churn,1.0,,29,0
1508,766,719,2023-02-11,reactivation,,1.0,0,29
1509,766,719,2023-04-11,churn,1.0,,29,0
1510,767,720,2024-04-25,new,,3.0,0,199
1511,767,720,2024-09-25,upgrade,3.0,4.0,199,499
1512,767,720,2024-12-25,downgrade,4.0,3.0,499,199
1513,768,721,2024-10-17,new,,3.0,0,199
1514,769,722,2022-08-02,new,,2.0,0,79
1515,769,722,2023-01-02,downgrade,2.0,1.0,79,29
1516,769,722,2023-02-02,upgrade,1.0,2.0,29,79
1517,769,722,2023-07-02,churn,2.0,,79,0
1518,770,723,2022-03-11,new,,3.0,0,199
1519,770,723,2022-05-11,churn,3.0,,199,0
1520,771,724,2024-04-05,new,,2.0,0,79
1521,771,724,2024-10-05,downgrade,2.0,1.0,79,29
1522,771,724,2024-12-05,churn,1.0,,29,0
1523,772,725,2023-11-05,new,,2.0,0,79
1524,773,726,2024-08-11,new,,3.0,0,199
1525,773,726,2024-11-11,downgrade,3.0,2.0,199,79
1526,774,727,2022-07-20,new,,4.0,0,499
1527,775,728,2024-06-17,new,,3.0,0,199
1528,776,729,2022-09-23,new,,2.0,0,79
1529,776,729,2022-12-23,upgrade,2.0,3.0,79,199
1530,776,729,2023-09-23,upgrade,3.0,4.0,199,499
1531,777,730,2022-08-27,new,,4.0,0,499
1532,777,730,2022-10-27,downgrade,4.0,3.0,499,199
1533,777,730,2023-03-27,upgrade,3.0,4.0,199,499
1534,778,731,2022-08-22,new,,3.0,0,199
1535,778,731,2022-12-22,churn,3.0,,199,0
1536,779,732,2024-07-19,new,,1.0,0,29
1537,779,732,2024-11-19,churn,1.0,,29,0
1538,780,733,2024-02-24,new,,4.0,0,499
1539,781,734,2023-09-09,new,,1.0,0,29
1540,782,735,2023-03-24,new,,2.0,0,79
1541,782,735,2023-07-24,downgrade,2.0,1.0,79,29
1542,782,735,2023-08-24,churn,1.0,,29,0
1543,783,736,2024-08-06,new,,1.0,0,29
1544,784,737,2023-05-20,new,,4.0,0,499
1545,785,738,2024-07-22,new,,2.0,0,79
1546,785,738,2024-12-22,churn,2.0,,79,0
1547,786,739,2023-06-23,new,,3.0,0,199
1548,786,739,2023-12-23,upgrade,3.0,4.0,199,499
1549,787,740,2023-04-15,new,,1.0,0,29
1550,787,740,2024-01-15,upgrade,1.0,2.0,29,79
1551,787,740,2024-03-15,upgrade,2.0,3.0,79,199
1552,788,741,2023-07-14,new,,1.0,0,29
1553,788,741,2024-05-14,upgrade,1.0,2.0,29,79
1554,789,742,2023-01-25,new,,2.0,0,79
1555,789,742,2024-08-25,upgrade,2.0,3.0,79,199
1556,789,742,2024-11-25,upgrade,3.0,4.0,199,499
1557,790,743,2024-04-28,new,,3.0,0,199
1558,791,744,2023-09-17,new,,2.0,0,79
1559,792,745,2022-10-22,new,,2.0,0,79
1560,793,746,2024-09-11,new,,2.0,0,79
1561,794,747,2023-04-18,new,,4.0,0,499
1562,794,747,2023-06-18,churn,4.0,,499,0
1563,795,748,2023-10-22,new,,2.0,0,79
1564,796,749,2024-09-07,new,,1.0,0,29
1565,796,749,2024-12-07,churn,1.0,,29,0
1566,797,750,2024-01-10,new,,2.0,0,79
1567,797,750,2024-07-10,upgrade,2.0,3.0,79,199
1568,798,751,2022-05-10,new,,2.0,0,79
1569,798,751,2022-12-10,churn,2.0,,79,0
1570,799,752,2024-10-23,new,,2.0,0,79
1571,800,753,2024-01-12,new,,2.0,0,79
1572,800,753,2024-06-12,churn,2.0,,79,0
1573,801,754,2023-02-26,new,,1.0,0,29
1574,801,754,2024-01-26,upgrade,1.0,2.0,29,79
1575,802,755,2022-07-19,new,,2.0,0,79
1576,802,755,2022-10-19,churn,2.0,,79,0
1577,803,756,2024-06-13,new,,4.0,0,499
1578,804,757,2024-01-26,new,,1.0,0,29
1579,804,757,2024-02-26,churn,1.0,,29,0
1580,805,758,2023-09-10,new,,1.0,0,29
1581,805,758,2024-06-10,upgrade,1.0,2.0,29,79
1582,805,758,2024-12-10,upgrade,2.0,3.0,79,199
1583,806,759,2024-09-15,new,,2.0,0,79
1584,807,760,2024-06-07,new,,2.0,0,79
1585,807,760,2024-12-07,churn,2.0,,79,0
1586,808,761,2022-07-09,new,,1.0,0,29
1587,808,761,2022-08-09,churn,1.0,,29,0
1588,809,761,2022-10-09,reactivation,,1.0,0,29
1589,809,761,2023-01-09,upgrade,1.0,2.0,29,79
1590,809,761,2023-05-09,upgrade,2.0,3.0,79,199
1591,809,761,2024-04-09,upgrade,3.0,4.0,199,499
1592,810,762,2023-02-05,new,,1.0,0,29
1593,810,762,2023-05-05,upgrade,1.0,2.0,29,79
1594,810,762,2023-10-05,upgrade,2.0,3.0,79,199
1595,810,762,2024-05-05,upgrade,3.0,4.0,199,499
1596,811,763,2022-11-19,new,,1.0,0,29
1597,811,763,2023-06-19,churn,1.0,,29,0
1598,812,764,2024-04-22,new,,2.0,0,79
1599,812,764,2024-12-22,upgrade,2.0,3.0,79,199
1600,813,765,2022-02-08,new,,1.0,0,29
1601,813,765,2022-03-08,churn,1.0,,29,0
1602,814,766,2023-11-11,new,,2.0,0,79
1603,814,766,2024-06-11,churn,2.0,,79,0
1604,815,767,2024-05-25,new,,2.0,0,79
1605,815,767,2024-10-25,downgrade,2.0,1.0,79,29
1606,816,768,2024-08-18,new,,1.0,0,29
1607,816,768,2024-10-18,churn,1.0,,29,0
1608,817,768,2024-11-18,reactivation,,1.0,0,29
1609,818,769,2023-02-16,new,,1.0,0,29
1610,818,769,2023-08-16,upgrade,1.0,2.0,29,79
1611,818,769,2023-10-16,churn,2.0,,79,0
1612,819,770,2024-07-25,new,,2.0,0,79
1613,820,771,2022-05-21,new,,3.0,0,199
1614,820,771,2022-12-21,churn,3.0,,199,0
1615,821,771,2023-02-21,reactivation,,3.0,0,199
1616,821,771,2023-07-21,churn,3.0,,199,0
1617,822,772,2024-08-03,new,,1.0,0,29
1618,822,772,2024-10-03,churn,1.0,,29,0
1619,823,773,2022-06-24,new,,3.0,0,199
1620,823,773,2022-09-24,downgrade,3.0,2.0,199,79
1621,823,773,2023-01-24,downgrade,2.0,1.0,79,29
1622,823,773,2024-05-24,upgrade,1.0,2.0,29,79
1623,824,774,2023-05-06,new,,3.0,0,199
1624,824,774,2024-01-06,churn,3.0,,199,0
1625,825,775,2024-06-06,new,,2.0,0,79
1626,826,776,2022-07-13,new,,1.0,0,29
1627,826,776,2022-10-13,upgrade,1.0,2.0,29,79
1628,826,776,2022-11-13,churn,2.0,,79,0
1629,827,777,2022-10-24,new,,2.0,0,79
1630,827,777,2024-11-24,churn,2.0,,79,0
1631,828,778,2024-04-01,new,,1.0,0,29
1632,828,778,2024-08-01,churn,1.0,,29,0
1633,829,779,2024-03-04,new,,1.0,0,29
1634,829,779,2024-09-04,churn,1.0,,29,0
1635,830,780,2024-01-21,new,,3.0,0,199
1636,830,780,2024-04-21,churn,3.0,,199,0
1637,831,781,2024-03-05,new,,2.0,0,79
1638,831,781,2024-09-05,churn,2.0,,79,0
1639,832,782,2023-10-07,new,,4.0,0,499
1640,833,783,2022-11-24,new,,2.0,0,79
1641,833,783,2023-01-24,churn,2.0,,79,0
1642,834,784,2023-03-23,new,,2.0,0,79
1643,834,784,2023-06-23,downgrade,2.0,1.0,79,29
1644,834,784,2023-07-23,churn,1.0,,29,0
1645,835,784,2023-08-23,reactivation,,1.0,0,29
1646,835,784,2023-10-23,churn,1.0,,29,0
1647,836,785,2022-08-11,new,,2.0,0,79
1648,836,785,2023-05-11,churn,2.0,,79,0
1649,837,786,2024-09-25,new,,2.0,0,79
1650,838,787,2023-12-28,new,,2.0,0,79
1651,839,788,2023-05-17,new,,1.0,0,29
1652,839,788,2023-09-17,churn,1.0,,29,0
1653,840,789,2023-07-22,new,,2.0,0,79
1654,840,789,2024-03-22,churn,2.0,,79,0
1655,841,790,2024-10-05,new,,2.0,0,79
1656,842,791,2022-07-08,new,,1.0,0,29
1657,842,791,2023-08-08,upgrade,1.0,2.0,29,79
1658,842,791,2023-09-08,upgrade,2.0,3.0,79,199
1659,842,791,2024-08-08,upgrade,3.0,4.0,199,499
1660,843,792,2023-12-08,new,,2.0,0,79
1661,843,792,2024-06-08,upgrade,2.0,3.0,79,199
1662,843,792,2024-08-08,churn,3.0,,199,0
1663,844,793,2023-09-11,new,,4.0,0,499
1664,844,793,2023-11-11,downgrade,4.0,3.0,499,199
1665,844,793,2024-06-11,churn,3.0,,199,0
1666,845,794,2024-01-19,new,,1.0,0,29
1667,845,794,2024-04-19,churn,1.0,,29,0
1668,846,794,2024-06-19,reactivation,,1.0,0,29
1669,846,794,2024-10-19,churn,1.0,,29,0
1670,847,795,2022-01-12,new,,2.0,0,79
1671,847,795,2022-11-12,upgrade,2.0,3.0,79,199
1672,847,795,2023-10-12,upgrade,3.0,4.0,199,499
1673,847,795,2023-12-12,downgrade,4.0,3.0,499,199
1674,847,795,2024-11-12,upgrade,3.0,4.0,199,499
1675,848,796,2024-08-04,new,,4.0,0,499
1676,849,797,2024-10-13,new,,2.0,0,79
1677,850,798,2023-11-23,new,,3.0,0,199
1678,850,798,2024-02-23,churn,3.0,,199,0
1679,851,799,2024-03-21,new,,2.0,0,79
1680,851,799,2024-07-21,churn,2.0,,79,0
1681,852,799,2024-08-21,reactivation,,2.0,0,79
1682,853,800,2024-09-08,new,,1.0,0,29
